Serial,Event,&quot;Departamento&quot;,Date (YMD),Directly affected,Indirectly Affected,Losses $USD
2013-00235,FIRE,Managua,27/12/2013,25,0,0
2013-00234,FIRE,RAAN,23/12/2013,5,0,0
2013-00233,EXPLOSION,Managua,26/12/2013,0,33,0
2013-00232,FIRE,Rivas,23/12/2013,5,0,0
2013-00231,FLOOD,Matagalpa,17/12/2013,0,0,0
2013-00230,FLOOD,RAAN,20/12/2013,0,0,0
2013-00229,FLOOD,RAAN,16/12/2013,0,105,0
2013-00228,FIRE,Masaya,12/12/2013,5,0,70000
2013-00227,OTHER,RAAN,13/12/2013,0,0,0
2013-00226,OTHER,RAAN,08/12/2013,0,0,0
2013-00225,OTHER,RAAN,08/12/2013,0,0,0
2013-00224,OTHER,RAAN,08/12/2013,0,0,0
2013-00223,EPIDEMIC,RAAS,03/12/2013,0,8,0
2013-00222,DROUGHT,Masaya,28/11/2013,0,0,0
2013-00221,POLLUTION,RAAN,20/11/2013,0,0,0
2013-00220,FIRE,RAAN,17/11/2013,10,10,0
2013-00219,EPIDEMIC,Madriz,17/11/2013,0,10,0
2013-00218,EPIDEMIC,Boaco,14/11/2013,0,50,0
2013-00217,EPIDEMIC,Masaya,13/11/2013,0,1,0
2013-00216,FLOOD,Granada,11/11/2013,0,0,0
2013-00215,EPIDEMIC,Madriz,09/11/2013,0,7,0
2013-00214,EPIDEMIC,Managua,09/11/2013,0,0,0
2013-00213,EPIDEMIC,Boaco,07/11/2013,0,0,0
2013-00212,EPIDEMIC,Nueva Segovia,06/11/2013,0,1,0
2013-00211,EPIDEMIC,Nueva Segovia,06/11/2013,0,90,0
2013-00210,OTHER,RAAN,02/11/2013,0,0,0
2013-00209,OTHER,RAAN,02/11/2013,0,0,0
2013-00208,EPIDEMIC,RAAS,03/11/2013,0,0,0
2013-00207,EPIDEMIC,Matagalpa,03/11/2013,0,0,0
2013-00206,FIRE,Managua,31/10/2013,110,0,0
2013-00205,EPIDEMIC,Nueva Segovia,30/10/2013,0,0,0
2013-00204,EPIDEMIC,Masaya,29/10/2013,0,86,0
2013-00203,EPIDEMIC,Estelí,29/10/2013,0,130,0
2013-00202,EPIDEMIC,Rivas,27/10/2013,0,38,0
2013-00201,EPIDEMIC,Chontales,28/10/2013,0,60,0
2013-00200,POLLUTION,Chontales,27/10/2013,0,0,0
2013-00199,EPIDEMIC,Chinandega,27/10/2013,0,290,0
2013-00198,EPIDEMIC,RAAS,25/10/2013,0,5,0
2013-00197,EPIDEMIC,Jinotega,25/10/2013,0,4,0
2013-00196,EPIDEMIC,Madriz,25/10/2013,0,100,0
2013-00195,EPIDEMIC,León,23/10/2013,0,60,0
2013-00194,EPIDEMIC,Managua,23/10/2013,0,79,0
2013-00193,OTHER,RAAS,22/10/2013,0,20000,0
2013-00192,EPIDEMIC,León,21/10/2013,0,0,0
2013-00191,EPIDEMIC,Managua,21/10/2013,0,6,0
2013-00190,EPIDEMIC,Rivas,18/10/2013,0,0,0
2013-00189,EPIDEMIC,Managua,14/10/2013,0,528,0
2013-00188,FLOOD,RAAN,08/10/2013,0,50,0
2013-00187,FLOOD,Managua,06/10/2013,0,0,0
2013-00186,OTHER,Chinandega,05/10/2013,0,0,0
2013-00185,EPIDEMIC,RAAN,03/10/2013,0,87,0
2013-00184,EPIDEMIC,RAAN,03/10/2013,0,190,0
2013-00183,SPATE,Estelí,29/09/2013,0,0,0
2013-00182,STRUCTURE,Jinotega,29/09/2013,0,0,0
2013-00181,FLOOD,Managua,28/09/2013,0,980,0
2013-00180,TORNADO,Nueva Segovia,26/09/2013,30,0,0
2013-00179,TORNADO,Estelí,26/09/2013,0,20,0
2013-00178,POLLUTION,León,23/09/2013,0,0,0
2013-00177,STRUCTURE,Granada,22/09/2013,0,5,0
2013-00176,LANDSLIDE,Chinandega,22/09/2013,0,0,0
2013-00175,SPATE,Matagalpa,20/09/2013,0,0,0
2013-00174,STRUCTURE,Carazo,20/09/2013,10,0,0
2013-00173,FLOOD,León,19/09/2013,0,0,0
2013-00172,FLOOD,Jinotega,16/09/2013,30,0,0
2013-00171,TORNADO,RAAN,16/09/2013,0,30,0
2013-00170,FLOOD,Managua,16/09/2013,35,1755,0
2013-00169,FLOOD,Boaco,15/09/2013,0,425,0
2013-00168,FLOOD,RAAN,14/09/2013,0,35,0
2013-00167,STRUCTURE,León,08/09/2013,0,75,0
2013-00166,OTHER,RAAN,02/09/2013,0,43,0
2013-00165,OTHER,Chinandega,29/08/2013,0,0,0
2013-00164,OTHER,RAAN,25/08/2013,0,0,0
2013-00163,DROUGHT,Masaya,23/08/2013,0,0,0
2013-00162,STRUCTURE,RAAN,23/08/2013,0,0,0
2013-00161,LANDSLIDE,León,21/08/2013,0,0,300000
2013-00160,EXPLOSION,Chontales,13/08/2013,0,2,0
2013-00159,FLOOD,Masaya,12/08/2013,0,0,0
2013-00158,SPATE,RAAS,07/08/2013,0,0,0
2013-00157,FLOOD,RAAS,05/08/2013,0,0,0
2013-00156,STORM,RAAS,05/08/2013,0,0,0
2013-00155,FIRE,Rivas,06/08/2013,7,0,0
2013-00154,EPIDEMIC,Chinandega,02/08/2013,0,47,0
2013-00153,FLOOD,RAAN,01/08/2013,0,6079,0
2013-00152,PLAGUE,Jinotega,28/07/2013,0,1,0
2013-00151,EPIDEMIC,Jinotega,26/07/2013,0,13,0
2013-00150,FLOOD,RAAN,24/07/2013,0,18749,0
2013-00149,EPIDEMIC,Chontales,24/07/2013,0,16,0
2013-00148,SPATE,Chontales,23/07/2013,0,0,0
2013-00147,FLOOD,RAAS,23/07/2013,0,270,0
2013-00146,FLOOD,RAAS,22/07/2013,15,95,0
2013-00145,FLOOD,RAAS,22/07/2013,0,345,0
2013-00144,FLOOD,RAAS,21/07/2013,0,0,0
2013-00143,EPIDEMIC,Chontales,21/07/2013,0,60,0
2013-00142,EPIDEMIC,Chinandega,21/07/2013,0,32,0
2013-00141,EPIDEMIC,RAAS,18/07/2013,0,59,0
2013-00140,SPATE,RAAS,14/07/2013,0,0,0
2013-00139,EPIDEMIC,León,14/07/2013,0,15,0
2013-00138,EPIDEMIC,León,14/07/2013,0,27,0
2013-00137,EPIDEMIC,León,14/07/2013,0,37,0
2013-00136,EPIDEMIC,León,14/07/2013,0,31,0
2013-00135,EPIDEMIC,León,14/07/2013,0,47,0
2013-00134,POLLUTION,Carazo,09/07/2013,0,0,0
2013-00133,FIRE,Chontales,08/07/2013,10,0,0
2013-00132,FIRE,Jinotega,08/07/2013,5,5,20194
2013-00131,EPIDEMIC,León,10/07/2013,0,160,0
2013-00130,EPIDEMIC,Chinandega,09/08/2013,0,12,0
2013-00129,EPIDEMIC,Chinandega,09/07/2013,0,0,0
2013-00128,EPIDEMIC,Chinandega,09/07/2013,0,0,0
2013-00127,EPIDEMIC,Chinandega,09/07/2013,0,25,0
2013-00126,EPIDEMIC,Chontales,08/07/2013,0,24,0
2013-00125,EPIDEMIC,Chontales,08/07/2013,0,44,0
2013-00124,OTHER,Estelí,07/07/2013,0,0,0
2013-00123,PLAGUE,Boaco,06/07/2013,0,0,0
2013-00122,EPIDEMIC,Managua,06/07/2013,0,7,0
2013-00121,EPIDEMIC,Managua,06/07/2013,0,16,0
2013-00120,EPIDEMIC,Managua,06/07/2013,0,27,0
2013-00119,SPATE,Jinotega,02/07/2013,0,0,0
2013-00118,TORNADO,Masaya,30/06/2013,0,60,0
2013-00116,FLOOD,Managua,29/06/2013,100,2208,0
2013-00115,FLOOD,RAAN,25/06/2013,0,18749,0
2013-00114,STRUCTURE,León,25/06/2013,0,15,0
2013-00113,PLAGUE,Nueva Segovia,20/06/2013,0,0,0
2013-00112,ELECTRICSTORM,Río San Juan,19/06/2013,0,5,5000
2013-00111,EPIDEMIC,León,19/06/2013,0,5,0
2013-00110,OTHER,Masaya,19/06/2013,0,70,0
2013-00109,LANDSLIDE,RAAN,18/06/2013,0,645,0
2013-00108,STRUCTURE,Managua,15/06/2013,0,1,0
2013-00107,STRUCTURE,Chinandega,15/06/2013,0,5,0
2013-00106,STRUCTURE,Chinandega,15/06/2013,0,0,0
2013-00105,STRUCTURE,León,15/06/2013,0,15,0
2013-00104,LANDSLIDE,Managua,16/06/2013,0,45,0
2013-00103,DROUGHT,Boaco,13/06/2013,0,40000,0
2013-00102,LANDSLIDE,Managua,12/06/2013,0,0,0
2013-00101,EPIDEMIC,León,11/06/2013,0,22,0
2013-00100,FLOOD,Masaya,11/06/2013,0,0,0
2013-00099,STRUCTURE,Chinandega,11/06/2013,0,20000,0
2013-00098,STRUCTURE,Chinandega,10/06/2013,0,0,0
2013-00096,FLOOD,RAAS,10/06/2013,0,175,0
2013-00095,FIRE,RAAS,08/06/2013,0,300,0
2013-00094,FLOOD,Managua,06/06/2013,15,480,0
2013-00093,POLLUTION,Carazo,05/06/2013,0,450,0
2013-00092,LANDSLIDE,Matagalpa,05/06/2013,0,15000,0
2013-00091,LANDSLIDE,Managua,04/06/2013,0,165,0
2013-00090,STRUCTURE,Chontales,31/05/2013,0,0,0
2013-00089,SPATE,RAAN,31/05/2013,0,0,0
2013-00088,OTHER,Jinotega,20/05/2013,0,0,0
2013-00087,FIRE,Chinandega,29/05/2013,5,0,0
2013-00086,POLLUTION,Masaya,28/05/2013,0,0,0
2013-00085,FLOOD,Managua,30/05/2013,0,160,0
2013-00084,FLOOD,Managua,28/05/2013,0,545,0
2013-00083,FLOOD,Rivas,24/05/2013,0,135,0
2013-00082,POLLUTION,RAAN,22/05/2013,0,0,0
2013-00081,POLLUTION,Masaya,21/05/2013,0,0,0
2013-00080,DROUGHT,Madriz,20/05/2013,0,0,0
2013-00079,DROUGHT,Granada,19/05/2013,0,0,0
2013-00078,DROUGHT,Boaco,19/05/2013,0,500,0
2013-00077,FIRE,Chinandega,19/05/2013,10,0,0
2013-00076,FORESTFIRE,Nueva Segovia,19/05/2013,0,0,0
2013-00075,DROUGHT,Boaco,19/05/2013,0,0,0
2013-00074,OTHER,Rivas,17/05/2013,0,0,0
2013-00073,DROUGHT,Rivas,13/05/2013,0,0,0
2013-00072,OTHER,RAAN,10/05/2013,0,12000,0
2013-00071,STORM,Nueva Segovia,03/05/2013,0,330,0
2013-00070,DROUGHT,RAAS,30/04/2013,0,0,0
2013-00069,DROUGHT,Granada,30/04/2013,0,0,0
2013-00068,DROUGHT,Chinandega,30/04/2013,0,0,0
2013-00067,DROUGHT,Chinandega,30/04/2013,0,15000,0
2013-00066,DROUGHT,Chinandega,30/04/2013,0,4115,0
2013-00065,DROUGHT,Boaco,29/04/2013,0,0,0
2013-00064,DROUGHT,Masaya,29/04/2013,0,0,0
2013-00063,DROUGHT,Río San Juan,29/04/2013,0,0,0
2013-00062,DROUGHT,Rivas,25/04/2013,0,0,0
2013-00060,DROUGHT,Boaco,23/04/2013,0,12500,0
2013-00059,POLLUTION,Chinandega,22/04/2013,0,0,0
2013-00058,FORESTFIRE,Nueva Segovia,22/04/2013,0,0,0
2013-00057,OTHER,Chinandega,17/03/2013,0,0,0
2013-00056,POLLUTION,Boaco,14/04/2013,0,50000,0
2013-00055,FORESTFIRE,Masaya,12/04/2013,0,0,0
2013-00054,POLLUTION,Masaya,10/04/2013,0,0,0
2013-00053,OTHER,Jinotega,09/04/2013,0,0,0
2013-00052,FORESTFIRE,Jinotega,09/04/2013,0,0,0
2013-00051,DROUGHT,Carazo,04/04/2013,0,0,0
2013-00050,POLLUTION,Carazo,02/04/2013,0,3288,0
2013-00049,POLLUTION,Rivas,02/04/2013,0,0,0
2013-00048,POLLUTION,Rivas,01/04/2013,0,0,0
2013-00047,FORESTFIRE,Granada,26/03/2013,0,0,0
2013-00046,STORM,Madriz,26/03/2013,15,205,0
2013-00045,FORESTFIRE,Madriz,26/03/2013,0,0,0
2013-00044,FORESTFIRE,Nueva Segovia,24/03/2013,0,0,0
2013-00043,FORESTFIRE,Nueva Segovia,24/03/2013,0,0,0
2013-00042,FORESTFIRE,Nueva Segovia,24/03/2013,0,0,0
2013-00041,FORESTFIRE,Nueva Segovia,21/03/2013,0,0,0
2013-00040,FORESTFIRE,Nueva Segovia,21/03/2013,0,0,0
2013-00039,FORESTFIRE,Jinotega,21/03/2013,0,0,0
2013-00038,FIRE,Managua,16/03/2013,5,0,42000
2013-00037,DROUGHT,Chinandega,13/03/2013,0,14000,0
2013-00036,DROUGHT,Madriz,11/03/2013,0,0,0
2013-00035,OTHER,Managua,09/03/2013,0,30,0
2013-00034,POLLUTION,Jinotega,07/03/2013,0,0,0
2013-00033,POLLUTION,Estelí,07/03/2013,0,1200,0
2013-00032,OTHER,Boaco,07/03/2013,0,0,0
2013-00031,STRUCTURE,RAAN,27/02/2013,0,0,0
2013-00030,POLLUTION,León,22/02/2013,0,0,0
2013-00029,POLLUTION,Madriz,22/02/2013,0,0,0
2013-00028,SPATE,Boaco,17/02/2013,0,0,0
2013-00027,FIRE,Matagalpa,18/02/2013,0,0,0
2013-00026,FIRE,Matagalpa,16/02/2013,1,0,0
2013-00025,OTHER,Chinandega,15/02/2013,0,0,0
2013-00024,OTHER,Chinandega,15/02/2013,0,0,0
2013-00023,OTHER,Chinandega,15/02/2013,0,0,0
2013-00022,PLAGUE,Matagalpa,15/02/2013,0,0,0
2013-00021,PLAGUE,Estelí,15/02/2013,0,0,0
2013-00020,PLAGUE,Jinotega,15/02/2013,0,0,0
2013-00019,DROUGHT,Chinandega,10/02/2013,0,0,0
2013-00018,DROUGHT,Chinandega,10/02/2013,0,7672,0
2013-00017,DROUGHT,Estelí,10/01/2013,0,4250,0
2013-00016,FIRE,RAAS,10/02/2013,25,0,0
2013-00015,FORESTFIRE,León,03/02/2013,0,0,0
2013-00014,PLAGUE,Jinotega,29/01/2013,0,0,0
2013-00013,FIRE,RAAS,27/01/2013,10,0,0
2013-00012,SPATE,RAAN,22/01/2013,0,500,0
2013-00011,OTHER,Río San Juan,20/01/2013,0,0,0
2013-00010,STORM,León,10/01/2013,0,0,0
2013-00009,PLAGUE,Jinotega,09/01/2013,0,0,0
2013-00008,EPIDEMIC,Granada,08/01/2013,0,5,0
2013-00007,EPIDEMIC,Granada,08/01/2013,0,0,0
2013-00006,STORM,Jinotega,08/01/2013,0,5000,0
2013-00005,PLAGUE,Nueva Segovia,04/01/2013,0,0,0
2013-00004,PLAGUE,Nueva Segovia,04/01/2013,0,0,0
2013-00003,FIRE,León,02/01/2013,5,0,800000
2013-00002,FIRE,Chinandega,01/01/2013,5,0,0
2013-00001,EXPLOSION,Managua,01/01/2013,0,0,0
2012-00118,PLAGUE,Estelí,29/12/2012,0,0,0
2012-00117,POLLUTION,Chinandega,28/12/2012,0,0,0
2012-00116,POLLUTION,Chinandega,28/12/2012,0,0,0
2012-00115,POLLUTION,Chinandega,27/12/2012,0,0,0
2012-00114,SPATE,RAAN,25/12/2012,0,0,0
2012-00113,FIRE,Estelí,19/12/2012,285,0,498545.9
2012-00112,DROUGHT,Carazo,18/12/2012,0,0,0
2012-00111,POLLUTION,Madriz,18/12/2012,0,1570,0
2012-00110,POLLUTION,Managua,13/12/2012,0,0,0
2012-00109,POLLUTION,Rivas,06/12/2012,0,0,0
2012-00108,EPIDEMIC,Managua,03/12/2012,0,66,0
2012-00107,PLAGUE,Jinotega,2012/11/31,0,0,0
2012-00106,FIRE,Managua,22/11/2012,5,0,0
2012-00105,POLLUTION,Chontales,15/11/2012,0,0,0
2012-00104,LANDSLIDE,León,06/11/2012,0,0,0
2012-00103,SPATE,RAAN,24/10/2012,0,0,0
2012-00102,FLOOD,Granada,24/10/2012,0,545,0
2012-00101,STRUCTURE,Matagalpa,22/10/2012,0,0,96355257
2012-00100,SPATE,Estelí,21/10/2012,5,60,0
2012-00099,SPATE,RAAN,21/10/2012,0,0,0
2012-00098,SPATE,Matagalpa,21/10/2012,0,0,0
2012-00097,FLOOD,Managua,20/10/2012,0,10,0
2012-00096,EPIDEMIC,Managua,17/10/2012,0,66,0
2012-00095,POLLUTION,Chinandega,21/09/2012,0,0,0
2012-00094,STRUCTURE,Boaco,20/09/2012,0,0,1261564
2012-00093,PLAGUE,Nueva Segovia,17/09/2012,0,0,0
2012-00092,FLOOD,Managua,16/09/2012,0,90,0
2012-00091,DROUGHT,Chinandega,09/09/2012,0,20000,0
2012-00090,POLLUTION,Chinandega,08/09/2012,0,0,0
2012-00089,EPIDEMIC,Jinotega,07/09/2012,0,800,0
2012-00088,POLLUTION,Masaya,07/09/2012,0,4000,0
2012-00087,STRUCTURE,RAAS,30/08/2012,0,0,54875474
2012-00086,STRUCTURE,Matagalpa,29/08/2012,0,0,0
2012-00085,FLOOD,Managua,28/08/2012,0,65,0
2012-00084,STRUCTURE,RAAN,23/08/2012,0,0,0
2012-00083,EPIDEMIC,León,21/08/2012,0,0,0
2012-00082,EPIDEMIC,León,21/08/2012,0,1,0
2012-00081,EPIDEMIC,León,21/08/2012,0,2,0
2012-00080,EPIDEMIC,León,21/08/2012,0,2,0
2012-00079,EPIDEMIC,León,21/08/2012,0,5,0
2012-00078,EPIDEMIC,León,21/08/2012,0,33,0
2012-00077,OTHER,León,15/08/2012,0,20075,0
2012-00076,OTHER,Boaco,15/08/2012,0,0,0
2012-00075,FLOOD,Masaya,11/08/2012,0,0,0
2012-00074,RAIN,RAAN,11/08/2012,0,0,0
2012-00073,SPATE,Boaco,11/08/2012,0,50,42212
2012-00072,DROUGHT,Chinandega,01/08/2012,0,0,0
2012-00071,PLAGUE,Estelí,19/07/2012,0,0,0
2012-00070,OTHER,Carazo,19/07/2012,0,0,0
2012-00069,ELECTRICSTORM,Estelí,18/07/2012,0,0,0
2012-00068,OTHER,Nueva Segovia,15/07/2012,0,0,0
2012-00067,TORNADO,RAAS,13/07/2012,0,25,0
2012-00066,FIRE,RAAS,13/07/2012,5,0,0
2012-00065,POLLUTION,León,11/07/2012,0,0,0
2012-00064,DROUGHT,Matagalpa,10/07/2012,0,475,0
2012-00063,FLOOD,Managua,10/07/2012,0,25,0
2012-00062,SPATE,RAAN,09/07/2012,0,0,0
2012-00061,SPATE,RAAN,09/07/2012,0,0,0
2012-00060,RAIN,Carazo,09/07/2012,0,0,0
2012-00059,FLOOD,RAAS,09/07/2012,0,255,0
2012-00058,EPIDEMIC,Jinotega,06/07/2012,0,3000,0
2012-00057,SPATE,Estelí,29/06/2012,0,0,0
2012-00056,RAIN,Jinotega,20/06/2012,0,0,0
2012-00055,FLOOD,Madriz,18/06/2012,0,20,0
2012-00054,SPATE,Madriz,18/06/2012,0,0,0
2012-00053,SPATE,Boaco,18/06/2012,0,70,0
2012-00052,FLOOD,Estelí,18/06/2012,0,0,0
2012-00051,SPATE,Estelí,18/06/2012,0,0,0
2012-00050,RAIN,Jinotega,10/06/2012,0,0,0
2012-00049,LANDSLIDE,Estelí,07/06/2012,0,0,127713.92
2012-00048,FLOOD,Managua,05/06/2012,0,0,0
2012-00047,FLOOD,Managua,04/06/2012,0,150,0
2012-00046,FLOOD,Matagalpa,01/06/2012,0,760,0
2012-00045,FLOOD,Managua,30/05/2012,20,5305,0
2012-00044,STRONGWIND,León,28/05/2012,0,0,0
2012-00043,TORNADO,Managua,26/05/2012,0,25,0
2012-00042,SPATE,Estelí,25/05/2012,0,0,0
2012-00041,LANDSLIDE,Jinotega,25/05/2012,0,0,0
2012-00040,SPATE,Estelí,23/05/2012,0,0,0
2012-00039,STORM,Nueva Segovia,23/05/2012,130,140,0
2012-00038,SPATE,Madriz,22/05/2012,0,0,0
2012-00037,FLOOD,Madriz,22/05/2012,0,0,0
2012-00036,RAIN,Madriz,22/05/2012,0,0,0
2012-00035,FLOOD,Estelí,22/05/2012,0,0,0
2012-00034,FLOOD,Estelí,22/05/2012,0,0,0
2012-00033,FLOOD,Estelí,22/05/2012,0,0,0
2012-00032,POLLUTION,Río San Juan,21/05/2012,0,0,0
2012-00031,FLOOD,Nueva Segovia,21/05/2012,30,75,0
2012-00030,FLOOD,Managua,21/05/2012,25,2090,0
2012-00029,OTHER,Granada,20/05/2012,0,0,0
2012-00028,SPATE,Managua,18/05/2012,0,0,0
2012-00027,RAIN,Estelí,16/05/2012,0,0,0
2012-00026,FIRE,Estelí,2012/4/31,0,5,50
2012-00025,POLLUTION,Masaya,01/05/2012,0,0,0
2012-00024,EPIDEMIC,Jinotega,01/05/2012,0,2,0
2012-00023,EPIDEMIC,Jinotega,01/05/2012,0,2,0
2012-00022,EPIDEMIC,Jinotega,01/05/2012,0,3,0
2012-00021,EPIDEMIC,Jinotega,01/05/2012,0,7,0
2012-00020,DROUGHT,Carazo,26/04/2012,0,36200,0
2012-00019,FIRE,Managua,16/04/2012,5,0,0
2012-00018,FIRE,Granada,12/04/2012,50,0,77.253
2012-00017,POLLUTION,Chinandega,09/04/2012,0,16,0
2012-00016,HAILSTORM,Madriz,08/04/2012,0,205,0
2012-00015,HAILSTORM,Managua,08/04/2012,10,800,0
2012-00014,HAILSTORM,Estelí,03/04/2012,0,160,0
2012-00013,POLLUTION,Chinandega,16/03/2012,0,1000,0
2012-00012,FORESTFIRE,Chinandega,16/03/2012,0,0,0
2012-00011,DROUGHT,Masaya,16/03/2012,0,0,0
2012-00010,POLLUTION,Jinotega,15/03/2012,0,0,0
2012-00009,FORESTFIRE,Chinandega,15/03/2012,0,0,0
2012-00008,EXPLOSION,Masaya,28/02/2012,0,0,0
2012-00007,RAIN,Jinotega,16/02/2012,0,0,0
2012-00006,RAIN,RAAS,09/02/2012,0,0,0
2012-00005,DROUGHT,Managua,17/01/2012,0,250,0
2012-00004,FLOOD,Granada,16/01/2012,0,120,0
1997-00031,POLLUTION,Masaya,19/12/1997,0,7500,0
1997-00030,FLOOD,Masaya,10/10/1997,25,0,0
1997-00029,HAILSTORM,Matagalpa,27/09/1997,0,10,0
1997-00028,DROUGHT,Chinandega,08/08/1997,0,0,0
1997-00027,RAIN,Boaco,11/08/1997,0,0,0
1999-00055,DROUGHT,Chinandega,09/08/1999,0,0,0
1997-00026,DROUGHT,Granada,25/08/1997,0,1500,0
1997-00025,POLLUTION,Chinandega,11/08/1997,0,0,14000
1997-00024,DROUGHT,Managua,26/07/1997,0,0,0
1997-00023,DROUGHT,Managua,26/07/1997,0,0,0
1997-00022,DROUGHT,Carazo,21/07/1997,0,0,0
1997-00021,FLOOD,Matagalpa,10/07/1997,0,0,0
1999-00054,FLOOD,Matagalpa,07/10/1999,110,0,0
1999-00053,FLOOD,RAAN,07/10/1999,0,0,0
1999-00052,FLOOD,Chinandega,06/10/1999,0,0,165016
1999-00051,FLOOD,Nueva Segovia,06/10/1999,0,0,0
1999-00050,FLOOD,Nueva Segovia,06/10/1999,0,4000,0
1999-00049,FLOOD,León,05/10/1999,0,3676,0
1999-00048,FLOOD,León,05/10/1999,0,3109,0
1999-00047,FLOOD,León,05/10/1999,0,845,0
1999-00046,FLOOD,León,06/10/1999,0,180,0
1999-00045,FLOOD,León,05/10/1999,0,4631,0
1997-00020,TORNADO,Masaya,04/06/1997,100,300,0
1997-00019,FLOOD,Chinandega,28/06/1997,113,70,0
1997-00018,FLOOD,Chinandega,08/06/1997,0,0,0
1999-00044,FLOOD,Managua,04/10/1999,1080,0,0
1997-00017,FLOOD,Chinandega,08/06/1997,0,0,0
1999-00043,FLOOD,Carazo,02/10/1999,0,2813,0
1997-00016,FLOOD,Managua,06/06/1997,20,55,0
1999-00042,FLOOD,Rivas,02/10/1999,0,1840,0
1997-00015,FORESTFIRE,Managua,08/05/1997,0,0,0
1999-00041,FLOOD,Managua,03/10/1999,0,35000,0
1997-00014,EPIDEMIC,Chinandega,18/05/1997,0,0,0
1999-00040,FLOOD,Estelí,02/10/1999,0,0,0
1997-00013,FIRE,Managua,04/05/1997,90,0,0
1999-00039,FLOOD,Chinandega,02/10/1999,0,0,0
1997-00012,EARTHQUAKE,Nueva Segovia,21/05/1997,0,235,0
1999-00038,RAIN,Chinandega,29/09/1999,0,0,0
1999-00037,FLOOD,Rivas,28/09/1999,0,2124,0
1999-00036,FLOOD,Estelí,29/09/1999,0,1615,0
1999-00035,FLOOD,Rivas,28/09/1999,1500,400,0
1997-00011,POLLUTION,Matagalpa,04/04/1997,0,0,0
1997-00010,FIRE,Managua,23/03/1997,0,0,2184216.8
1997-00009,FLOOD,Chinandega,11/03/1997,0,0,0
1997-00008,STRONGWIND,Managua,11/03/1997,90,0,0
1992-00033,DROUGHT,Granada,01/12/1992,0,0,0
1992-00032,DROUGHT,Chinandega,01/12/1992,0,0,0
1992-00031,POLLUTION,León,14/11/1992,0,0,0
1992-00030,FLOOD,Boaco,07/10/1992,0,790,0
1992-00029,FLOOD,Granada,06/10/1992,0,333,0
1992-00028,FLOOD,Chontales,05/10/1992,0,5,0
1992-00027,FLOOD,Boaco,05/10/1992,0,0,0
1992-00026,FLOOD,Boaco,05/10/1992,0,0,0
1992-00025,FLOOD,Boaco,04/10/1992,170,340,0
1999-00034,FLOOD,Rivas,28/09/1999,0,807,0
1999-00033,FLOOD,Rivas,28/09/1999,0,4031,0
1999-00032,FLOOD,Rivas,28/09/1999,0,1016,0
1999-00031,FLOOD,Rivas,28/09/1999,0,17365,0
1999-00030,FLOOD,Chinandega,27/09/1999,0,250,0
1999-00029,RAIN,Madriz,27/09/1999,0,0,0
1992-00024,STRONGWIND,Estelí,22/09/1992,0,175,0
1992-00023,FLOOD,Managua,23/09/1992,0,25,0
1999-00028,RAIN,Madriz,27/09/1999,0,0,0
1999-00027,RAIN,Madriz,27/09/1999,0,0,0
1992-00022,TSUNAMI,Carazo,01/09/1992,0,0,0
1999-00026,FLOOD,Chinandega,27/09/1999,0,10000,0
1997-00007,FORESTFIRE,Chinandega,09/02/1997,0,0,0
1997-00006,FIRE,Managua,15/02/1997,0,0,0
1999-00025,LANDSLIDE,Carazo,27/09/1999,0,0,0
1997-00005,LANDSLIDE,Matagalpa,25/02/1997,0,45,0
1992-00021,TSUNAMI,Chinandega,01/09/1992,2100,500,0
1999-00024,FLOOD,Nueva Segovia,24/09/1999,0,0,0
1992-00020,TSUNAMI,León,01/09/1992,0,0,0
1992-00019,TSUNAMI,León,01/09/1992,0,0,500000
1999-00023,FLOOD,Rivas,19/09/1999,0,21168,0
1999-00022,FLOOD,Chinandega,17/09/1999,0,0,0
1999-00021,FLOOD,Chinandega,17/09/1999,0,0,0
1999-00020,FLOOD,León,17/09/1999,0,0,0
1997-00004,FROST,Rivas,18/01/1997,0,0,0
1997-00003,STRONGWIND,Jinotega,18/01/1997,0,0,0
1999-00019,FLOOD,Managua,16/09/1999,204,0,0
1997-00002,FIRE,Estelí,29/01/1997,0,0,0
1997-00001,LANDSLIDE,Granada,30/01/1997,0,0,0
1992-00018,TSUNAMI,Chinandega,01/09/1992,150,0,0
1999-00018,FLOOD,Chinandega,16/09/1999,0,2900,0
1999-00017,SPATE,Chinandega,16/09/1999,0,0,0
1999-00016,LANDSLIDE,Rivas,16/09/1999,10,0,0
1999-00015,LANDSLIDE,Nueva Segovia,14/09/1999,30,0,0
1999-00014,LANDSLIDE,Jinotega,10/09/1999,20,165,0
1999-00013,FLOOD,Chinandega,08/09/1999,0,0,0
1999-00012,TORNADO,León,09/08/1999,0,40,0
1999-00011,EARTHQUAKE,León,07/08/1999,485,0,0
1999-00010,EARTHQUAKE,León,04/07/1999,0,385,0
1999-00009,FLOOD,RAAS,13/07/1999,0,2100,0
1999-00008,RAIN,Managua,10/07/1999,0,75,0
1999-00007,FLOOD,Matagalpa,14/05/1999,0,0,0
1999-00006,FLOOD,Chinandega,14/05/1999,0,0,0
1999-00005,FLOOD,Chinandega,09/05/1999,0,0,0
1999-00004,POLLUTION,Masaya,08/05/1999,0,20000,0
1999-00003,EPIDEMIC,Granada,07/03/1999,0,0,0
1999-00002,FIRE,Managua,02/01/1999,195,0,904017.86
1999-00001,FLOOD,Nueva Segovia,06/01/1999,0,5200,0
1996-00078,FIRE,Managua,21/12/1996,0,0,0
1996-00077,EPIDEMIC,Chontales,12/10/1996,0,0,0
1996-00076,EPIDEMIC,Boaco,18/11/1996,0,0,0
1996-00075,EPIDEMIC,Boaco,18/11/1996,0,0,0
1996-00074,EPIDEMIC,Boaco,15/11/1996,0,0,0
1996-00073,EPIDEMIC,Carazo,05/11/1996,0,0,0
1996-00072,FLOOD,Estelí,18/11/1996,5,0,0
1996-00071,FLOOD,León,24/11/1996,0,0,0
1996-00070,FLOOD,Granada,24/11/1996,0,600,0
1996-00068,SPATE,Managua,02/10/1996,74,0,0
1996-00067,RAIN,León,17/10/1996,35,0,0
1996-00066,LANDSLIDE,Masaya,14/10/1996,0,4000,0
1996-00065,SPATE,Rivas,14/10/1996,5,15,0
1996-00064,FLOOD,Rivas,14/10/1996,0,25,1265.51
1996-00063,LANDSLIDE,León,14/10/1996,0,0,0
1996-00062,RAIN,Estelí,07/10/1996,20,0,0
1996-00061,FLOOD,Nueva Segovia,07/10/1996,0,55,7239.71
1996-00060,FLOOD,Managua,17/10/1996,0,30,0
1996-00059,FLOOD,León,17/10/1996,0,2000,0
1996-00058,FLOOD,Granada,17/10/1996,0,3102,0
1996-00057,FLOOD,Chinandega,17/10/1996,0,2099,0
1992-00017,TSUNAMI,Rivas,01/09/1992,355,0,0
1996-00056,FLOOD,Nueva Segovia,17/10/1996,20,42,0
1996-00055,LANDSLIDE,Rivas,27/09/1996,600,1500,0
1992-00016,TSUNAMI,Rivas,01/09/1992,200,0,0
1996-00054,FLOOD,Boaco,10/08/1996,1390,0,0
1992-00015,TSUNAMI,Carazo,01/09/1992,8000,0,10000
1996-00053,FLOOD,Rivas,01/08/1996,0,0,0
1992-00014,TSUNAMI,Managua,01/09/1992,400,0,0
1992-00013,DROUGHT,Matagalpa,10/06/1992,0,0,0
1992-00012,DROUGHT,Matagalpa,10/06/1992,0,1400,0
1996-00052,FLOOD,Masaya,01/08/1996,0,0,0
1992-00011,STRONGWIND,RAAN,27/05/1992,10,320,0
1992-00010,DROUGHT,Rivas,10/05/1992,0,2000,0
1996-00051,FLOOD,RAAS,31/07/1996,75,0,0
1996-00050,FLOOD,RAAS,31/07/1996,75,75,0
1992-00009,FLOOD,Madriz,30/05/1992,0,60,0
1996-00049,FLOOD,Jinotega,31/07/1996,0,0,0
1992-00008,STORM,Madriz,21/05/1992,0,5,0
1996-00048,FLOOD,Matagalpa,31/07/1996,0,0,0
1992-00007,FLOOD,Madriz,02/05/1992,0,0,0
1996-00047,EPIDEMIC,Managua,14/07/1996,0,0,0
1992-00006,ERUPTION,León,21/04/1992,15000,50000,0
1992-00005,ERUPTION,León,09/04/1992,0,0,0
1992-00004,FORESTFIRE,Chinandega,02/04/1992,0,0,100000
1996-00046,FLOOD,RAAN,17/07/1996,0,7500,0
1996-00045,FLOOD,Rivas,29/07/1996,45,0,0
1996-00044,FLOOD,Carazo,30/07/1996,0,0,0
1992-00003,DROUGHT,Rivas,05/03/1992,0,0,0
1996-00043,SPATE,Matagalpa,30/07/1996,0,0,3525.43
1992-00002,DROUGHT,Nueva Segovia,26/02/1992,0,10000,0
1996-00042,FLOOD,Rivas,30/07/1996,0,40,0
1992-00001,FIRE,Managua,10/02/1992,5,0,0
1996-00041,FLOOD,León,30/07/1996,0,0,0
1996-00036,FLOOD,RAAS,29/07/1996,20,46,0
1996-00035,FLOOD,RAAS,29/07/1996,65,50,0
1996-00034,FLOOD,RAAS,29/07/1996,540,235,0
1996-00030,FLOOD,RAAS,29/07/1996,0,700,0
1996-00028,FLOOD,RAAS,27/07/1996,4237,0,0
1996-00027,FLOOD,RAAN,27/07/1996,400,0,0
1996-00026,FLOOD,Rivas,27/07/1996,0,1000,0
1996-00025,FLOOD,Jinotega,27/07/1996,0,0,0
1996-00024,STRONGWIND,Jinotega,27/07/1996,0,0,0
1996-00022,FLOOD,Rivas,27/07/1996,0,0,0
1996-00021,FLOOD,RAAS,27/07/1996,0,0,0
1996-00020,FIRE,Managua,17/06/1996,20,0,0
1996-00019,EPIDEMIC,León,23/06/1996,0,0,0
1996-00018,TORNADO,Chinandega,27/06/1996,0,0,0
1996-00017,ERUPTION,León,15/06/1996,0,64,0
1996-00016,LANDSLIDE,Chinandega,16/05/1996,15,0,0
1996-00015,FLOOD,Estelí,18/05/1996,0,0,0
1996-00014,TORNADO,Madriz,26/05/1996,460,245,0
1996-00013,FLOOD,Managua,26/05/1996,0,300,0
1996-00012,FLOOD,Managua,26/05/1996,0,800,0
1996-00011,FLOOD,Rivas,20/05/1996,0,0,0
1996-00010,EARTHQUAKE,Masaya,08/05/1996,5,0,1205.82
1996-00009,FORESTFIRE,Masaya,22/04/1996,0,0,0
1996-00008,EPIDEMIC,Matagalpa,10/04/1996,0,0,0
1996-00007,EARTHQUAKE,Chinandega,03/03/1996,0,0,0
1996-00006,EARTHQUAKE,Chinandega,03/03/1996,0,20,0
1996-00005,EPIDEMIC,Matagalpa,12/01/1996,0,0,0
1996-00004,EPIDEMIC,Matagalpa,12/01/1996,0,0,0
1996-00003,EPIDEMIC,Matagalpa,12/01/1996,0,0,0
1996-00002,EPIDEMIC,Matagalpa,12/01/1996,0,0,0
1996-00001,FORESTFIRE,Nueva Segovia,16/01/1996,0,0,0
1993-00034,EXPLOSION,Carazo,02/10/1993,0,0,0
1993-00033,FLOOD,Chinandega,03/10/1993,0,0,0
1993-00032,FLOOD,Managua,01/10/1993,0,0,0
1993-00031,FLOOD,Matagalpa,17/09/1993,5,1000,0
1993-00030,SPATE,Jinotega,17/09/1993,0,0,0
1993-00029,LANDSLIDE,Matagalpa,16/09/1993,0,0,0
1993-00028,FLOOD,RAAS,16/09/1993,600,0,0
1993-00027,SPATE,Boaco,16/09/1993,0,0,0
1993-00026,LANDSLIDE,RAAS,29/09/1993,100,3000,0
1993-00025,LANDSLIDE,Boaco,13/09/1993,90,573,0
1993-00024,TORNADO,León,23/08/1993,0,100,0
1993-00023,FLOOD,RAAN,12/08/1993,0,3000,0
1993-00022,FLOOD,RAAS,10/08/1993,0,9581,0
1993-00021,FIRE,Madriz,28/07/1993,5,0,0
1993-00020,FLOOD,Nueva Segovia,07/07/1993,0,0,0
1993-00019,SPATE,Nueva Segovia,07/07/1993,0,0,0
1993-00018,FLOOD,Rivas,02/07/1993,0,90,0
1993-00017,STORM,Managua,16/06/1993,0,0,0
1993-00016,FLOOD,León,04/06/1993,0,250,0
1993-00015,FLOOD,Chinandega,02/06/1993,0,0,0
1993-00014,EXPLOSION,Managua,04/06/1993,0,0,0
1993-00013,FLOOD,Chinandega,30/05/1993,0,0,0
1993-00012,SPATE,León,30/05/1993,0,0,0
1993-00011,STORM,Managua,09/05/1993,0,400,0
1993-00010,SPATE,Managua,09/05/1993,0,45,0
1993-00009,POLLUTION,Rivas,19/05/1993,0,0,0
1993-00008,STORM,León,29/04/1993,0,0,0
1993-00007,FORESTFIRE,Chinandega,23/04/1993,0,5000,0
1993-00006,STRONGWIND,Matagalpa,15/03/1993,15,105,0
1993-00005,DROUGHT,Boaco,25/03/1993,0,0,0
1993-00004,FORESTFIRE,Matagalpa,25/03/1993,0,0,0
1993-00003,FIRE,Jinotega,14/03/1993,5,0,0
1993-00002,DROUGHT,Boaco,18/01/1993,0,400,0
1993-00001,DROUGHT,Boaco,02/01/1993,0,0,0
1998-00049,FLOOD,Nueva Segovia,22/10/1998,8000,0,0
1998-00048,FLOOD,Nueva Segovia,22/10/1998,4200,0,0
1998-00047,FLOOD,Madriz,22/10/1998,1837,3855,0
1998-00046,FLOOD,Managua,22/10/1998,9000,0,0
1998-00045,FLOOD,Matagalpa,22/10/1998,4324,0,0
1998-00044,RAIN,Masaya,22/10/1998,0,0,0
1998-00043,FLOOD,Granada,22/10/1998,8000,475,391000
1998-00042,SPATE,Estelí,22/10/1998,7030,0,0
1998-00041,RAIN,Matagalpa,22/10/1998,11445,0,0
1998-00040,RAIN,Matagalpa,22/10/1998,18000,0,0
1998-00039,FLOOD,Boaco,22/10/1998,120,200,0
1998-00038,SPATE,RAAN,22/10/1998,12931,0,0
1998-00037,SPATE,RAAS,22/10/1998,20689,0,0
1998-00036,FLOOD,Nueva Segovia,22/10/1998,1200,0,0
1998-00035,FLOOD,Madriz,22/10/1998,20000,0,0
1998-00034,FLOOD,Matagalpa,22/10/1998,11500,0,0
1998-00033,FLOOD,Jinotega,22/10/1998,5850,0,0
1998-00032,FLOOD,Managua,22/10/1998,0,0,691538
1994-00023,DROUGHT,Chinandega,13/10/1994,0,1000,0
1994-00022,DROUGHT,Chinandega,13/10/1994,0,300,0
1998-00031,FLOOD,Chinandega,22/10/1998,7400,0,0
1994-00021,DROUGHT,Chinandega,13/10/1994,0,350,0
1998-00030,FLOOD,Chinandega,22/10/1998,13227,0,0
1994-00020,FLOOD,Matagalpa,07/10/1994,0,100,0
1994-00019,STORM,León,04/10/1994,0,5,0
1994-00018,PLAGUE,León,15/09/1994,0,0,0
1994-00017,FIRE,Managua,08/09/1994,30,0,0
1994-00016,DROUGHT,Masaya,26/07/1994,0,1500,1777777.7
1994-00015,DROUGHT,Chinandega,06/07/1994,0,0,0
1994-00014,DROUGHT,Chinandega,06/07/1994,0,0,0
1994-00013,DROUGHT,Chinandega,06/07/1994,0,0,0
1994-00012,DROUGHT,Boaco,02/07/1994,0,200,0
1994-00011,STORM,Chontales,14/07/1994,0,0,0
1994-00010,FLOOD,Chontales,15/07/1994,0,350,0
1994-00009,FLOOD,RAAN,01/07/1994,0,0,0
1994-00008,ELECTRICSTORM,Boaco,08/06/1994,0,0,0
1994-00007,ELECTRICSTORM,León,01/06/1994,0,0,0
1994-00006,STORM,RAAN,03/06/1994,0,150,0
1994-00005,SPATE,Chinandega,29/04/1994,0,0,0
1994-00004,FORESTFIRE,Chinandega,10/04/1994,0,0,0
1994-00003,FORESTFIRE,Nueva Segovia,27/03/1994,0,0,0
1994-00002,FORESTFIRE,Chinandega,02/02/1994,0,0,0
1994-00001,FORESTFIRE,Managua,02/02/1994,0,0,0
1995-00046,FIRE,RAAS,26/12/1995,150,0,0
1995-00045,ERUPTION,León,03/12/1995,0,5000,0
1995-00044,FLOOD,Chinandega,23/11/1995,0,600,0
1995-00043,FLOOD,Boaco,19/10/1995,150,0,0
1995-00042,SPATE,Managua,17/10/1995,0,0,0
1998-00029,FLOOD,Chinandega,22/10/1998,7400,0,0
1998-00028,FLOOD,Chinandega,22/10/1998,3997,0,0
1998-00027,FLOOD,Chinandega,22/10/1998,2276,0,0
1995-00041,SPATE,Nueva Segovia,17/10/1995,0,0,0
1995-00040,FLOOD,Rivas,09/10/1995,0,9000,0
1995-00039,FLOOD,Rivas,09/10/1995,0,0,0
1995-00038,FLOOD,Rivas,09/10/1995,0,8000,0
1995-00037,SPATE,Chinandega,1995/9/31,0,0,0
1995-00036,FLOOD,Chinandega,07/10/1995,0,7000,0
1995-00035,FLOOD,Chinandega,07/10/1995,0,2682,0
1995-00034,FLOOD,Chinandega,04/10/1995,12,800,0
1995-00033,FLOOD,Chinandega,07/10/1995,10,0,0
1995-00032,FLOOD,Chinandega,07/10/1995,15,0,0
1995-00031,SPATE,Nueva Segovia,07/10/1995,0,0,0
1998-00026,RAIN,Madriz,22/10/1998,870,0,0
1998-00025,FLOOD,Madriz,22/10/1998,2000,0,0
1998-00024,FLOOD,Boaco,22/10/1998,610,0,0
1998-00023,FLOOD,RAAN,22/10/1998,20000,0,0
1998-00022,FLOOD,León,22/10/1998,50000,36000,0
1998-00021,FLOOD,Managua,22/10/1998,0,0,0
1998-00020,FLOOD,Boaco,22/10/1998,494,100,0
1998-00019,LANDSLIDE,Chinandega,01/11/1998,14000,0,0
1995-00030,SPATE,Madriz,07/10/1995,0,0,0
1995-00029,FLOOD,Jinotega,25/09/1995,0,0,0
1995-00028,TORNADO,Nueva Segovia,25/09/1995,0,0,0
1995-00027,FLOOD,Estelí,25/09/1995,0,200,0
1995-00026,FLOOD,Managua,17/09/1995,0,0,0
1995-00025,FLOOD,Matagalpa,31/08/1995,0,0,0
1995-00024,FLOOD,Managua,08/09/1995,0,0,0
1995-00023,LANDSLIDE,Jinotega,27/08/1995,100,0,0
1995-00022,FLOOD,Rivas,24/08/1995,0,80,0
1995-00021,STORM,Jinotega,20/08/1995,0,0,0
1995-00020,SPATE,Estelí,20/08/1995,0,0,0
1995-00019,SPATE,Rivas,20/08/1995,0,0,0
1995-00018,STORM,Granada,20/08/1995,0,0,0
1995-00017,FLOOD,Estelí,07/08/1995,0,300,0
1995-00016,FLOOD,Rivas,01/08/1995,0,4000,0
1995-00015,ELECTRICSTORM,Masaya,11/07/1995,0,0,0
1995-00014,FLOOD,Managua,21/06/1995,0,60,0
1995-00013,SPATE,Estelí,20/06/1995,0,0,0
1995-00012,FLOOD,Estelí,20/06/1995,0,0,0
1995-00011,SPATE,Nueva Segovia,20/06/1995,0,0,0
1995-00010,FLOOD,Jinotega,20/06/1995,0,0,0
1995-00009,EXPLOSION,Managua,16/05/1995,0,0,0
1995-00008,EXPLOSION,Chinandega,02/05/1995,0,0,0
1995-00007,FIRE,Managua,02/05/1995,1500,0,0
1995-00006,ELECTRICSTORM,León,28/04/1995,0,0,0
1995-00005,FIRE,Masaya,19/04/1995,30,0,68027.21
1995-00004,STRUCTURE,Managua,01/03/1995,25,0,0
1995-00003,FIRE,Managua,22/02/1995,15,0,41608.87
1995-00002,FORESTFIRE,Managua,23/02/1995,0,0,0
1995-00001,FORESTFIRE,Chinandega,19/02/1995,0,0,0
2004-00029,FIRE,RAAS,07/12/2004,60,0,10000
2004-00028,FIRE,León,13/11/2004,0,45,0
2004-00027,TORNADO,León,13/10/2004,15,105,1939.22
2004-00026,OTHER,Chontales,25/09/2004,0,0,0
2004-00025,EARTHQUAKE,Managua,09/10/2004,0,5,0
2004-00024,EARTHQUAKE,León,09/10/2004,0,0,0
2004-00023,PLAGUE,Río San Juan,15/10/2004,0,0,0
2004-00022,PLAGUE,Río San Juan,15/08/2004,0,0,0
2004-00021,POLLUTION,RAAN,11/08/2004,0,300,0
2004-00020,FLOOD,Río San Juan,30/08/2004,5,0,0
2004-00019,PLAGUE,RAAN,27/07/2004,0,0,0
2004-00018,DROUGHT,Estelí,22/07/2004,0,8736,0
2004-00017,FLOOD,RAAN,01/07/2004,0,0,0
2004-00016,DROUGHT,Chontales,19/06/2004,0,0,0
2000-00061,FIRE,Managua,15/12/2000,5,0,70000
2004-00015,FLOOD,RAAN,28/06/2004,100,500,0
2000-00060,FIRE,Managua,19/12/2000,155,0,0
2000-00059,EXPLOSION,Managua,11/12/2000,0,0,0
2000-00058,FIRE,Granada,23/11/2000,5,0,115740.74
2000-00057,FIRE,Managua,24/10/2000,5,0,0
2000-00056,TORNADO,Chinandega,08/10/2000,0,140,0
2004-00014,LANDSLIDE,Matagalpa,24/06/2004,2274,0,0
2000-00055,RAIN,León,03/10/2000,5,0,0
2000-00054,RAIN,León,03/10/2000,10,0,0
2000-00053,FLOOD,León,03/10/2000,0,0,0
2000-00052,FLOOD,León,02/10/2000,10,0,0
2000-00051,FLOOD,León,02/10/2000,0,2905,0
2000-00050,FLOOD,León,02/10/2000,0,12000,0
2000-00049,SPATE,León,02/10/2000,0,100,0
2004-00013,FIRE,Estelí,13/05/2004,0,0,300000
2000-00048,FLOOD,Chinandega,30/09/2000,0,0,0
2004-00012,EXPLOSION,Chinandega,16/05/2004,0,0,0
2004-00011,FORESTFIRE,Nueva Segovia,13/04/2004,0,0,0
2000-00047,SPATE,Madriz,30/09/2000,0,0,0
2000-00046,LANDSLIDE,Boaco,30/09/2000,5,0,0
2000-00045,SPATE,Matagalpa,30/09/2000,0,0,0
2000-00044,FIRE,Estelí,10/09/2000,5,0,0
2000-00043,FIRE,Chinandega,07/09/2000,20,10,0
2000-00042,DROUGHT,Chinandega,05/09/2000,0,200,0
2004-00010,FORESTFIRE,Nueva Segovia,11/04/2004,0,0,0
2000-00041,STORM,Managua,17/09/2000,0,70,0
2000-00040,DROUGHT,Boaco,18/08/2000,0,0,0
2000-00039,DROUGHT,Madriz,18/08/2000,0,14000,0
2000-00038,FIRE,Managua,11/07/2000,5,0,100000
2000-00037,FIRE,Managua,07/07/2000,5,0,0
2000-00036,FIRE,Rivas,02/07/2000,0,5,1573.56
2000-00035,DROUGHT,Chinandega,18/07/2000,0,3210,0
2000-00034,DROUGHT,Estelí,13/07/2000,0,6000,0
2000-00033,EARTHQUAKE,Carazo,08/07/2000,0,40,0
2004-00009,OTHER,Chontales,20/04/2004,0,0,0
2000-00032,EARTHQUAKE,Granada,08/07/2000,160,750,0
2004-00008,OTHER,Boaco,12/04/2004,0,0,0
2004-00007,FORESTFIRE,Managua,10/03/2004,0,10,0
2000-00031,EARTHQUAKE,Masaya,07/07/2000,2865,12475,0
2004-00006,FORESTFIRE,Masaya,10/03/2004,0,0,0
2000-00030,EARTHQUAKE,Masaya,06/07/2000,0,0,0
2004-00005,POLLUTION,Masaya,02/03/2004,0,0,0
2004-00004,EXPLOSION,León,28/03/2004,0,10,3177.2
2000-00029,FLOOD,RAAS,21/06/2000,0,63375,0
2000-00028,DROUGHT,Carazo,04/06/2000,0,0,0
2000-00027,STORM,León,02/06/2000,5,0,0
2000-00026,SPATE,Estelí,24/05/2000,0,50000,0
2000-00025,RAIN,Madriz,21/05/2000,10,0,0
2000-00024,SPATE,Managua,17/05/2000,0,0,0
2000-00023,TORNADO,Jinotega,15/05/2000,500,0,0
2000-00022,FORESTFIRE,Managua,03/05/2000,0,0,3177.12
2000-00021,FIRE,Managua,02/05/2000,5,0,100000
2004-00003,POLLUTION,Boaco,07/01/2004,0,0,0
2000-00020,RAIN,Granada,16/05/2000,10,0,0
2000-00019,STORM,Chontales,16/05/2000,0,75,0
2000-00018,SPATE,Managua,11/05/2000,0,0,0
2000-00017,ERUPTION,Chinandega,17/05/2000,0,14,0
2000-00016,STRONGWIND,Masaya,11/04/2000,0,0,0
2000-00015,STORM,Chinandega,17/04/2000,0,0,0
1998-00018,FLOOD,Chinandega,15/09/1998,0,0,0
1998-00017,RAIN,Carazo,06/09/1998,0,10,0
1998-00016,FLOOD,Matagalpa,01/06/1998,0,500,47710
1998-00015,FORESTFIRE,Nueva Segovia,26/04/1998,0,0,0
1998-00014,DROUGHT,Madriz,30/04/1998,0,1600,0
2000-00014,FORESTFIRE,León,29/03/2000,0,0,0
2000-00013,FIRE,Managua,15/03/2000,10,5,0
2000-00012,FIRE,Matagalpa,15/03/2000,5,0,0
2000-00011,FIRE,Managua,13/03/2000,0,5,0
2000-00010,FIRE,Managua,06/03/2000,5,0,0
2000-00009,FIRE,Granada,03/03/2000,5,0,0
2000-00008,DROUGHT,RAAS,10/02/2000,0,0,0
2000-00007,FIRE,Managua,10/02/2000,5,0,25000
2000-00006,FIRE,Managua,03/02/2000,5,0,0
2000-00005,STRONGWIND,Estelí,17/01/2000,0,30,0
2000-00004,STRONGWIND,Madriz,17/01/2000,0,100,0
2000-00003,STRONGWIND,Jinotega,16/01/2000,0,150,0
2000-00002,ERUPTION,Chinandega,23/01/2000,0,0,0
2000-00001,FIRE,Managua,18/01/2000,5,0,20242.91
1998-00013,POLLUTION,Matagalpa,29/04/1998,0,0,0
1998-00012,FORESTFIRE,Río San Juan,29/04/1998,0,0,0
1998-00011,FORESTFIRE,Managua,25/04/1998,0,0,0
1998-00010,FIRE,Managua,17/04/1998,0,0,0
1998-00009,STRONGWIND,Chontales,26/03/1998,0,150,0
1998-00008,FLOOD,Matagalpa,04/03/1998,0,0,0
1998-00007,FORESTFIRE,RAAS,22/02/1998,0,0,0
1998-00006,PLAGUE,Estelí,14/02/1998,0,0,0
1998-00005,FORESTFIRE,Chinandega,11/01/1998,0,0,0
1998-00004,EXPLOSION,Managua,06/01/1998,0,0,0
1998-00003,EPIDEMIC,RAAN,30/01/1998,0,0,0
1998-00002,STRONGWIND,Rivas,03/01/1998,0,500,0
1998-00001,TORNADO,Managua,29/01/1998,0,40,0
2001-00070,FLOOD,RAAN,23/12/2001,0,0,0
2001-00069,FLOOD,RAAN,23/12/2001,1000,0,0
2001-00068,FLOOD,RAAN,11/11/2001,5172,6896,0
2001-00067,FLOOD,RAAN,11/11/2001,5035,14000,0
2001-00066,FLOOD,RAAN,30/10/2001,0,100,0
2001-00065,FLOOD,RAAN,29/10/2001,210,0,0
2001-00064,FLOOD,RAAN,26/10/2001,0,500,0
2001-00063,FLOOD,Granada,26/10/2001,0,210,0
2001-00062,FLOOD,RAAN,02/10/2001,0,10,2193.96
2001-00061,FLOOD,RAAN,20/09/2001,0,0,0
2001-00060,FLOOD,Nueva Segovia,09/09/2001,0,85,0
2001-00059,DROUGHT,Matagalpa,23/08/2001,0,0,0
2001-00058,SPATE,Managua,30/07/2001,0,0,750000
2001-00057,TORNADO,Nueva Segovia,19/07/2001,0,0,0
2001-00056,DROUGHT,Matagalpa,19/07/2001,0,0,0
2001-00055,DROUGHT,Matagalpa,19/07/2001,0,0,0
2001-00054,DROUGHT,León,11/07/2001,0,50000,0
2004-00002,POLLUTION,RAAS,05/02/2004,0,0,0
2001-00053,DROUGHT,Matagalpa,11/07/2001,0,750,0
2001-00052,FLOOD,RAAN,10/07/2001,300,0,0
2001-00051,DROUGHT,León,10/07/2001,0,0,0
2004-00001,POLLUTION,Matagalpa,07/01/2004,0,0,0
2001-00050,DROUGHT,Matagalpa,10/07/2001,0,12000,0
2001-00049,DROUGHT,Boaco,10/07/2001,0,0,0
2001-00048,DROUGHT,Estelí,10/07/2001,0,0,0
2001-00047,STORM,Managua,26/07/2001,0,0,0
2001-00046,DROUGHT,Nueva Segovia,21/07/2001,0,0,0
2001-00045,DROUGHT,Madriz,21/07/2001,0,0,0
2007-00096,FIRE,Madriz,27/12/2007,0,0,0
2007-00095,FIRE,Managua,23/12/2007,5,0,50000
2007-00094,FIRE,Managua,15/12/2007,0,10,0
2007-00093,FIRE,RAAN,22/10/2007,0,0,26695.99
2007-00092,FIRE,Matagalpa,03/10/2007,130,0,214110.98
2007-00091,FIRE,Managua,02/10/2007,0,7,749589.06
2007-00090,EPIDEMIC,Nueva Segovia,24/10/2007,0,0,0
2007-00089,EPIDEMIC,Granada,24/10/2007,0,0,0
2007-00088,EPIDEMIC,Estelí,24/10/2007,0,0,0
2007-00087,EPIDEMIC,Managua,24/10/2007,0,0,0
2007-00086,EPIDEMIC,León,24/10/2007,0,0,0
2007-00085,EPIDEMIC,Chinandega,24/10/2007,0,0,0
2007-00084,EPIDEMIC,Chinandega,24/10/2007,0,0,0
2007-00083,FLOOD,Chinandega,20/10/2007,0,0,0
2007-00082,FLOOD,Rivas,20/10/2007,0,0,0
2007-00081,SPATE,Matagalpa,19/10/2007,0,0,0
2007-00080,SPATE,Matagalpa,19/10/2007,0,0,0
2007-00079,FLOOD,León,13/10/2007,0,0,0
2007-00078,FLOOD,Granada,13/10/2007,0,285,0
2007-00077,FLOOD,Nueva Segovia,13/10/2007,0,0,0
2007-00076,SPATE,Nueva Segovia,13/10/2007,0,0,0
2007-00075,SPATE,Nueva Segovia,13/10/2007,0,0,0
2007-00074,FLOOD,Nueva Segovia,13/10/2007,0,0,0
2001-00044,DROUGHT,Matagalpa,21/07/2001,0,0,0
2001-00043,SPATE,Chontales,21/07/2001,0,0,0
2001-00042,FLOOD,RAAN,20/07/2001,6500,0,0
2001-00041,FLOOD,RAAS,19/07/2001,0,850,0
2001-00040,SPATE,RAAS,19/07/2001,0,0,0
2001-00039,DROUGHT,Nueva Segovia,13/07/2001,0,0,0
2001-00038,DROUGHT,León,13/07/2001,0,0,0
2001-00037,DROUGHT,León,13/07/2001,0,0,0
2001-00036,FLOOD,RAAS,13/07/2001,0,200,0
2001-00035,FLOOD,RAAS,13/07/2001,0,0,0
2001-00034,DROUGHT,Madriz,09/07/2001,0,0,0
2001-00033,FLOOD,RAAN,13/07/2001,0,675,0
2001-00032,EARTHQUAKE,Nueva Segovia,13/06/2001,25,350,0
2001-00031,SPATE,Managua,03/06/2001,5,0,0
2001-00030,STRONGWIND,Managua,20/05/2001,0,0,0
2001-00029,FLOOD,Managua,20/05/2001,5,45,0
2001-00028,FLOOD,Nueva Segovia,20/05/2001,0,50,0
2001-00027,FIRE,Managua,18/05/2001,5,0,0
2001-00026,FIRE,Managua,18/05/2001,5,0,0
2001-00025,TORNADO,Managua,18/05/2001,0,5,0
2001-00024,STRONGWIND,Managua,12/02/2001,0,0,0
2001-00023,FIRE,Managua,16/05/2001,7,0,0
2001-00022,FIRE,Matagalpa,13/04/2001,50,0,5245.8
2001-00021,FORESTFIRE,Nueva Segovia,12/03/2001,0,0,480000
2001-00020,FORESTFIRE,Nueva Segovia,12/03/2001,0,0,300000
2001-00019,FIRE,Managua,17/03/2001,5,0,0
2001-00018,FORESTFIRE,Madriz,16/03/2001,0,0,0
2001-00017,FIRE,Madriz,16/03/2001,5,0,188265.77
2001-00016,STRONGWIND,Estelí,16/02/2001,0,50,0
2001-00015,STRONGWIND,Managua,13/02/2001,0,6000,0
2001-00014,FIRE,León,12/02/2001,50,0,0
2001-00013,STRONGWIND,León,12/02/2001,0,0,0
2001-00012,STRONGWIND,Managua,09/02/2001,0,0,0
2007-00073,SPATE,Nueva Segovia,13/10/2007,0,0,0
2001-00011,STRONGWIND,Managua,11/02/2001,0,60,0
2007-00072,FLOOD,León,12/10/2007,5,0,0
2007-00071,FLOOD,Jinotega,12/10/2007,0,0,0
2007-00070,FLOOD,Chinandega,12/10/2007,0,0,0
2007-00069,LANDSLIDE,Matagalpa,11/10/2007,0,10,0
2007-00068,FLOOD,Matagalpa,11/10/2007,0,0,0
2001-00010,STRONGWIND,Jinotega,11/02/2001,0,50,0
2007-00067,FLOOD,Matagalpa,11/10/2007,0,0,0
2001-00009,EXPLOSION,Managua,26/02/2001,0,0,0
2001-00008,FIRE,Managua,30/01/2001,5,0,0
2001-00007,FIRE,Chinandega,23/02/2001,10,0,0
2001-00006,STRONGWIND,Nueva Segovia,25/01/2001,0,0,0
2001-00005,FIRE,Chontales,13/01/2001,0,5,2291.68
2001-00004,FIRE,Managua,11/01/2001,5,0,0
2001-00003,FORESTFIRE,Masaya,26/01/2001,0,0,0
2001-00002,STRONGWIND,Carazo,07/01/2001,0,0,0
2001-00001,ERUPTION,Masaya,02/01/2001,0,1500,0
2007-00066,FLOOD,León,11/10/2007,0,15,0
2007-00065,FLOOD,León,11/10/2007,0,0,0
2007-00064,FLOOD,Granada,11/10/2007,0,100,0
2007-00063,FLOOD,Managua,11/10/2007,0,0,0
2007-00062,FLOOD,Estelí,11/10/2007,0,0,0
2007-00061,FLOOD,Matagalpa,11/10/2007,30,0,0
2010-00081,FIRE,Managua,26/11/2010,0,0,1749
2010-00080,FLOOD,Managua,11/10/2010,0,1443,0
2010-00079,FLOOD,Managua,04/10/2010,0,240,0
2010-00078,ACCIDENT,Boaco,03/10/2010,0,0,0
2010-00077,FLOOD,Jinotega,01/10/2010,0,15,0
2010-00076,RAIN,Matagalpa,30/09/2010,0,3400,0
2010-00075,FLOOD,Boaco,28/09/2010,0,0,0
2010-00074,FLOOD,Jinotega,28/09/2010,0,5,0
2010-00073,FLOOD,Managua,28/09/2010,0,0,0
2007-00060,FLOOD,León,11/10/2007,0,0,0
2002-00030,TORNADO,RAAN,30/09/2002,0,0,0
2010-00072,FLOOD,Granada,26/09/2010,0,100,0
2002-00029,FLOOD,Matagalpa,15/10/2002,0,0,0
2010-00071,FLOOD,Chinandega,26/09/2010,40,0,0
2002-00028,STORM,Granada,21/09/2002,0,5,0
2007-00059,FLOOD,León,11/10/2007,0,0,0
2002-00027,FLOOD,Rivas,21/09/2002,20,0,0
2007-00058,FLOOD,León,12/10/2007,0,0,0
2007-00057,FLOOD,León,11/10/2007,0,0,0
2007-00056,FLOOD,Chinandega,11/10/2007,0,0,0
2010-00070,FLOOD,Estelí,25/09/2010,0,25,0
2002-00026,FLOOD,Managua,21/09/2002,0,0,0
2010-00069,RAIN,RAAN,25/09/2010,0,0,0
2010-00068,FLOOD,RAAN,25/09/2010,0,0,0
2010-00067,FLOOD,Rivas,22/09/2010,0,0,0
2002-00025,FLOOD,RAAN,30/08/2002,8000,0,0
2010-00066,FLOOD,Managua,22/09/2010,0,200,0
2002-00024,TORNADO,Managua,10/06/2002,0,50,0
2010-00065,FLOOD,Managua,11/09/2010,0,0,0
2002-00023,STORM,Madriz,10/06/2002,0,0,0
2010-00064,FLOOD,Managua,14/09/2010,85,0,0
2007-00055,FLOOD,Matagalpa,18/10/2007,0,2835,0
2002-00021,SPATE,Estelí,06/06/2002,25,1500,0
2010-00063,STORM,Nueva Segovia,13/09/2010,0,0,0
2010-00062,FLOOD,Granada,13/09/2010,175,0,0
2002-00020,FLOOD,Managua,28/05/2002,0,1750,0
2007-00054,FLOOD,Matagalpa,18/10/2007,0,0,0
2010-00061,FLOOD,Managua,07/09/2010,0,0,0
2010-00060,RAIN,León,02/09/2010,0,5,0
2010-00059,FLOOD,Managua,01/09/2010,0,700,0
2002-00019,FLOOD,RAAS,27/05/2002,0,1500,0
2002-00018,STORM,RAAN,27/05/2002,0,0,0
2002-00017,LANDSLIDE,Managua,27/05/2002,0,0,0
2002-00016,FLOOD,Managua,26/05/2002,0,100,0
2002-00015,STRONGWIND,RAAS,21/05/2002,0,5,0
2002-00014,FLOOD,Masaya,21/05/2002,0,0,0
2002-00013,FLOOD,Managua,21/05/2002,0,300,0
2002-00012,FLOOD,Managua,21/05/2002,0,750,0
2002-00011,FORESTFIRE,Nueva Segovia,07/05/2002,0,0,0
2002-00010,FORESTFIRE,Nueva Segovia,30/04/2002,0,0,0
2002-00009,FORESTFIRE,Carazo,06/04/2002,0,0,0
2002-00008,STRONGWIND,Carazo,06/04/2002,0,0,0
2002-00007,DROUGHT,Río San Juan,23/04/2002,0,0,0
2002-00006,FORESTFIRE,Masaya,23/04/2002,0,0,0
2002-00005,FORESTFIRE,Granada,10/04/2002,0,0,0
2002-00004,FORESTFIRE,Nueva Segovia,10/04/2002,0,0,0
2002-00003,FORESTFIRE,Madriz,07/04/2002,0,0,0
2002-00002,TORNADO,Estelí,16/03/2002,0,0,0
2002-00001,FORESTFIRE,Nueva Segovia,08/02/2002,0,0,0
2007-00015,FLOOD,RAAN,04/09/2007,38000,13430,0
2003-00004,FORESTFIRE,Carazo,02/04/2003,0,0,402.13
2007-00019,FLOOD,Nueva Segovia,05/09/2007,0,0,0
2007-00016,STRONGWIND,Nueva Segovia,04/09/2007,0,0,0
2007-00028,OTHER,Chinandega,25/09/2007,0,0,0
2007-00024,FLOOD,RAAN,08/09/2007,0,0,0
2007-00022,FLOOD,RAAN,06/09/2007,0,0,0
2007-00027,RAIN,Managua,22/09/2007,0,0,0
2007-00021,FLOOD,Managua,05/09/2007,0,0,0
2007-00029,OTHER,Nueva Segovia,24/09/2007,0,0,0
2007-00020,STRONGWIND,Nueva Segovia,05/09/2007,0,0,0
2007-00017,FLOOD,Jinotega,05/09/2007,0,6000,0
2007-00030,FLOOD,Matagalpa,14/10/2007,0,0,0
2007-00018,FLOOD,Jinotega,05/09/2007,70,0,0
2007-00023,FLOOD,RAAN,08/09/2007,53000,0,0
2007-00026,FLOOD,RAAN,20/09/2007,0,0,0
2007-00025,FLOOD,Jinotega,08/09/2007,0,0,0
2003-00047,FLOOD,Managua,24/09/2003,0,0,0
2003-00046,FLOOD,Río San Juan,11/08/2003,0,0,0
2007-00053,FLOOD,Jinotega,17/10/2007,0,0,0
2003-00045,STORM,RAAS,08/07/2003,0,0,0
2003-00044,SPATE,Granada,08/07/2003,174,145,0
2007-00052,FLOOD,León,09/10/2007,0,0,0
2007-00051,FLOOD,León,09/10/2007,0,0,0
2007-00050,FLOOD,León,09/10/2007,0,0,0
2007-00049,FLOOD,León,09/10/2007,0,0,0
2007-00048,FLOOD,León,09/10/2007,0,0,0
2003-00043,TORNADO,RAAS,10/06/2003,0,0,0
2007-00047,FLOOD,León,09/10/2007,0,0,0
2003-00042,FLOOD,RAAN,24/06/2003,0,373,0
2007-00046,FLOOD,Chinandega,09/10/2007,0,0,0
2003-00041,FLOOD,RAAN,24/06/2003,0,0,0
2007-00045,FLOOD,Chinandega,09/10/2007,0,0,0
2007-00044,FLOOD,Chinandega,09/10/2007,0,0,0
2007-00043,FLOOD,Chinandega,09/10/2007,0,0,0
2007-00042,FLOOD,Chinandega,09/10/2007,0,0,0
2007-00041,FLOOD,Chinandega,09/10/2007,0,0,0
2007-00040,FLOOD,Chinandega,09/10/2007,0,0,0
2007-00039,FLOOD,Chinandega,09/10/2007,0,0,0
2007-00038,FLOOD,Chinandega,09/10/2007,0,5568,0
2003-00040,SPATE,Matagalpa,24/06/2003,0,0,0
2003-00039,SPATE,Rivas,24/06/2003,0,0,0
2003-00038,FLOOD,Chinandega,24/06/2003,0,0,0
2007-00037,FLOOD,Estelí,09/10/2007,0,0,0
2007-00036,FLOOD,Estelí,09/10/2007,0,0,0
2003-00037,SPATE,Nueva Segovia,24/06/2003,0,0,0
2003-00036,EPIDEMIC,Matagalpa,24/06/2003,0,43,0
2003-00035,EPIDEMIC,Masaya,24/06/2003,0,121,0
2003-00034,EPIDEMIC,Río San Juan,24/06/2003,0,296,0
2007-00035,FLOOD,Estelí,09/10/2007,0,531,0
2003-00033,EPIDEMIC,Granada,24/06/2003,0,496,0
2007-00034,FLOOD,Managua,09/10/2007,0,119,0
2007-00033,FLOOD,Matagalpa,09/10/2007,0,0,0
2007-00032,FLOOD,Granada,09/10/2007,0,0,0
2003-00032,EPIDEMIC,Carazo,24/06/2003,0,361,0
2003-00031,EPIDEMIC,Chontales,24/06/2003,0,894,0
2003-00030,FLOOD,Estelí,24/06/2003,0,0,0
2003-00029,EPIDEMIC,Managua,24/06/2003,0,1811,0
2003-00028,SPATE,Jinotega,20/06/2003,5,50,0
2003-00027,LANDSLIDE,Matagalpa,20/06/2003,0,0,0
2003-00026,STORM,Estelí,18/06/2003,0,0,0
2003-00025,FLOOD,Nueva Segovia,18/06/2003,10,0,0
2003-00024,FLOOD,Nueva Segovia,18/06/2003,25,0,0
2003-00023,FLOOD,Estelí,18/06/2003,0,100,0
2003-00022,SPATE,Nueva Segovia,17/06/2003,0,0,0
2003-00021,SPATE,Madriz,17/06/2003,0,0,0
2003-00020,FLOOD,Matagalpa,21/06/2003,0,65,199123.85
2003-00019,SPATE,Madriz,17/06/2003,0,0,0
2003-00018,SPATE,Nueva Segovia,04/06/2003,0,0,0
2003-00017,SPATE,Nueva Segovia,04/06/2003,0,0,0
2010-00058,LANDSLIDE,Rivas,28/08/2010,0,0,0
2010-00057,LANDSLIDE,RAAN,29/08/2010,0,0,0
2010-00056,FLOOD,Granada,28/08/2010,0,1485,0
2010-00055,FLOOD,León,22/08/2010,0,50,0
2010-00054,FLOOD,Managua,21/08/2010,230,420,0
2003-00016,SPATE,Matagalpa,20/06/2003,0,4000,0
2003-00015,FLOOD,Granada,17/06/2003,0,200,0
2003-00014,FORESTFIRE,Masaya,23/05/2003,0,0,0
2003-00012,STRONGWIND,Jinotega,01/04/2003,0,0,0
2003-00011,STRONGWIND,Jinotega,01/04/2003,0,60,0
2003-00010,FORESTFIRE,RAAN,28/04/2003,0,0,0
2003-00009,FORESTFIRE,Granada,25/04/2003,0,0,0
2003-00008,FORESTFIRE,RAAN,24/04/2003,0,0,0
2003-00007,FORESTFIRE,RAAN,23/04/2003,0,0,0
2003-00006,FORESTFIRE,Nueva Segovia,21/04/2003,5,0,0
2003-00005,FORESTFIRE,RAAS,07/04/2003,0,0,0
2003-00003,STORM,Managua,19/03/2003,0,155000,0
2003-00002,FORESTFIRE,Nueva Segovia,25/02/2003,0,0,0
2003-00001,FORESTFIRE,Nueva Segovia,21/02/2003,0,0,0
2005-00050,FLOOD,RAAS,04/11/2005,0,0,0
2010-00053,RAIN,Managua,21/08/2010,105,0,0
2010-00052,LANDSLIDE,Managua,22/08/2010,953,0,0
2010-00051,FLOOD,Boaco,27/08/2010,50,0,0
2010-00050,FLOOD,Estelí,19/08/2010,0,0,0
2010-00049,FLOOD,Jinotega,17/08/2010,0,0,0
2010-00048,RAIN,RAAN,17/08/2010,0,0,0
2010-00047,FLOOD,Estelí,15/08/2010,0,0,0
2010-00046,RAIN,Granada,05/08/2010,0,0,0
2010-00045,FLOOD,RAAN,04/08/2010,0,0,0
2010-00044,RAIN,Carazo,01/08/2010,0,0,0
2010-00043,FLOOD,Carazo,01/08/2010,0,0,0
2010-00042,RAIN,Chinandega,01/08/2010,0,0,0
2010-00041,RAIN,Chinandega,01/08/2010,0,0,0
2005-00049,ERUPTION,Chinandega,21/11/2005,0,0,0
2005-00048,FLOOD,RAAN,06/11/2005,0,5000,0
2005-00047,HURRICANE,RAAS,04/11/2005,0,0,0
2005-00046,FLOOD,RAAS,04/11/2005,0,0,0
2005-00045,FLOOD,RAAN,04/11/2005,28840,0,0
2005-00044,BIOLOGICAL,Chinandega,18/10/2005,0,0,200000
2005-00043,PLAGUE,RAAN,10/10/2005,0,0,800000
2005-00042,FLOOD,Chontales,10/10/2005,0,200,0
2005-00041,FLOOD,Granada,08/10/2005,0,1100,0
2005-00040,FLOOD,Granada,08/10/2005,0,0,0
2005-00039,SPATE,Managua,08/10/2005,0,0,0
2005-00038,LANDSLIDE,Jinotega,04/10/2005,50,250,0
2005-00037,FLOOD,RAAN,04/10/2005,0,0,0
2005-00036,FLOOD,Rivas,04/10/2005,0,0,0
2005-00035,FLOOD,Rivas,04/10/2005,0,300,0
2005-00034,FLOOD,Carazo,02/10/2005,0,0,0
2005-00033,FLOOD,Granada,03/10/2005,0,852,0
2005-00032,LANDSLIDE,Jinotega,03/10/2005,5,0,0
2005-00031,FLOOD,Chinandega,03/10/2005,0,0,0
2005-00030,SURGE,Chinandega,03/10/2005,0,0,0
2010-00040,POLLUTION,Managua,24/08/2010,0,10,0
2010-00039,FLOOD,León,10/07/2010,140,500,0
2010-00038,FLOOD,León,18/07/2010,0,225,0
2010-00037,FLOOD,Jinotega,13/07/2010,0,0,0
2010-00036,LANDSLIDE,Madriz,11/07/2010,0,0,0
2010-00035,STRUCTURE,León,09/07/2010,0,0,0
2010-00034,FLOOD,León,08/07/2010,25,0,0
2010-00033,FLOOD,León,09/07/2010,115,0,0
2005-00029,PLAGUE,RAAS,07/09/2005,0,0,0
2005-00028,FIRE,León,16/08/2005,0,0,0
2005-00027,STORM,Jinotega,07/08/2005,0,0,0
2005-00026,LANDSLIDE,Jinotega,12/08/2005,35,0,0
2005-00025,POLLUTION,Rivas,11/07/2005,0,0,0
2005-00024,HURRICANE,Granada,03/07/2005,165,570,0
2005-00023,SPATE,Nueva Segovia,03/07/2005,50,0,0
2005-00022,TORNADO,Granada,29/06/2005,116,120,0
2005-00021,STORM,Managua,15/06/2005,0,0,0
2005-00020,EPIDEMIC,Jinotega,15/06/2005,0,1143,0
2005-00018,PLAGUE,Nueva Segovia,08/06/2005,0,0,0
2010-00032,PLAGUE,RAAS,20/07/2010,0,0,0
2010-00031,FLOOD,Chinandega,26/06/2010,0,0,0
2010-00030,STRONGWIND,Managua,17/06/2010,0,15,0
2005-00019,FLOOD,Nueva Segovia,21/05/2005,0,0,0
2005-00017,FLOOD,Estelí,20/05/2005,0,310,0
2005-00016,FLOOD,Managua,16/05/2005,0,0,0
2005-00015,FLOOD,Carazo,16/05/2005,0,0,0
2005-00014,FLOOD,Estelí,15/05/2005,0,335,0
2005-00013,STORM,Managua,15/05/2005,0,1165,0
2005-00012,DROUGHT,Managua,08/05/2005,0,0,0
2007-00014,FLOOD,Carazo,18/08/2007,0,0,0
2007-00013,STRONGWIND,Matagalpa,17/08/2007,0,0,0
2007-00012,STRUCTURE,Managua,27/08/2007,0,0,0
2007-00011,OTHER,Estelí,12/06/2007,0,0,0
2007-00010,FLOOD,León,31/05/2007,0,0,0
2007-00009,FLOOD,Jinotega,28/05/2007,0,377,0
2007-00008,LANDSLIDE,Nueva Segovia,28/05/2007,25,249,0
2010-00029,FLOOD,Managua,27/05/2010,0,1530,0
2010-00028,FLOOD,Chinandega,27/05/2010,0,0,0
2007-00007,FIRE,Managua,05/05/2007,10,0,163857.42
2010-00027,FLOOD,Chinandega,27/05/2010,0,0,0
2010-00026,FLOOD,Chinandega,27/05/2010,0,0,0
2007-00006,FIRE,Managua,04/05/2007,40,20,0
2010-00025,STRUCTURE,Chinandega,28/05/2010,0,0,0
2010-00024,FLOOD,Granada,27/05/2010,0,50,0
2007-00005,OTHER,RAAN,08/05/2007,0,20000,0
2007-00004,DROUGHT,Granada,07/05/2007,0,5000,0
2010-00023,STRUCTURE,Matagalpa,28/05/2010,0,0,0
2010-00022,FLOOD,RAAN,27/05/2010,0,175,0
2010-00021,FLOOD,Matagalpa,28/05/2010,0,38240,0
2010-00020,FLOOD,Matagalpa,28/05/2010,0,85,0
2005-00011,FORESTFIRE,Nueva Segovia,27/04/2005,0,0,0
2007-00003,DROUGHT,Río San Juan,21/04/2007,0,0,0
2007-00002,OTHER,Nueva Segovia,13/02/2007,0,0,0
2005-00010,POLLUTION,Boaco,22/04/2005,0,0,0
2005-00009,FORESTFIRE,Matagalpa,14/04/2005,0,0,0
2005-00008,DROUGHT,Estelí,06/04/2005,0,0,0
2005-00007,FORESTFIRE,Jinotega,28/03/2005,0,0,0
2005-00006,DROUGHT,Chinandega,03/03/2005,0,5000,0
2005-00005,FORESTFIRE,Nueva Segovia,14/02/2005,0,0,0
2007-00001,FIRE,Managua,15/01/2007,5,0,0
2005-00004,DROUGHT,Estelí,15/02/2005,0,800,0
2008-00118,FIRE,León,20/12/2008,10,0,15134.92
2005-00003,POLLUTION,Masaya,04/02/2005,0,0,0
2008-00117,FIRE,Carazo,19/12/2008,0,0,10091.32
2010-00019,FLOOD,Matagalpa,28/05/2010,0,0,0
2008-00116,OTHER,Boaco,17/12/2008,0,0,0
2008-00115,EXPLOSION,Rivas,02/11/2008,0,0,0
2010-00018,FLOOD,Matagalpa,27/05/2010,0,0,0
2005-00002,OTHER,Matagalpa,05/01/2005,0,250,0
2005-00001,FLOOD,RAAN,21/01/2005,0,13500,0
2010-00017,FLOOD,León,27/05/2010,4000,2500,0
2010-00016,FLOOD,León,27/05/2010,4000,2500,0
2006-00017,FIRE,Managua,21/12/2006,15,0,0
2006-00016,FORESTFIRE,Chinandega,16/11/2006,0,0,2200000
2010-00015,FLOOD,León,27/05/2010,350,4000,0
2006-00015,EXPLOSION,Granada,14/11/2006,0,0,0
2010-00014,RAIN,León,27/05/2010,0,350,0
2006-00014,FIRE,Managua,28/10/2006,0,15,0
2008-00114,POLLUTION,Jinotega,29/11/2008,0,0,0
2008-00113,FLOOD,RAAN,25/11/2008,0,100,0
2008-00112,SPATE,Nueva Segovia,16/10/2008,0,0,0
2008-00111,RAIN,RAAN,16/10/2008,0,0,0
2010-00013,STRUCTURE,Madriz,29/05/2010,0,0,0
2010-00012,DROUGHT,Nueva Segovia,22/02/2010,0,2600,0
2010-00011,DROUGHT,Madriz,18/02/2010,0,0,0
2008-00110,FLOOD,Rivas,16/10/2008,0,0,0
2010-00010,DROUGHT,Boaco,16/02/2010,0,0,0
2008-00109,FLOOD,Rivas,16/10/2008,0,60,0
2008-00108,SPATE,Chinandega,16/10/2008,5,0,0
2008-00107,FLOOD,Chinandega,16/10/2008,0,0,0
2008-00106,FLOOD,Rivas,16/10/2008,0,30,0
2008-00105,RAIN,Rivas,16/10/2008,0,0,0
2008-00104,LANDSLIDE,Rivas,16/10/2008,0,0,0
2008-00103,FLOOD,Estelí,16/10/2008,0,65,0
2006-00013,STRUCTURE,León,21/10/2006,0,5,0
2006-00012,LANDSLIDE,León,21/10/2006,0,5,0
2008-00102,RAIN,Chinandega,16/10/2008,0,0,0
2006-00011,POLLUTION,León,22/10/2006,0,0,0
2008-00101,FLOOD,Managua,16/10/2008,0,710,0
2008-00100,FLOOD,Nueva Segovia,11/10/2008,35,500,0
2008-00099,FLOOD,Granada,04/10/2008,0,0,0
2008-00098,FLOOD,Managua,04/10/2008,0,1525,0
2008-00097,LANDSLIDE,Nueva Segovia,03/10/2008,35,0,0
2008-00096,FLOOD,Granada,03/10/2008,1060,0,0
2008-00095,FLOOD,Matagalpa,03/10/2008,0,0,0
2008-00094,LANDSLIDE,Matagalpa,03/10/2008,0,0,0
2008-00093,FLOOD,Matagalpa,03/10/2008,0,0,0
2008-00092,FLOOD,León,03/10/2008,0,0,0
2008-00091,SPATE,Nueva Segovia,03/10/2008,0,0,0
2008-00090,FLOOD,Granada,03/10/2008,0,930,0
2008-00089,FLOOD,Managua,03/10/2008,0,40,0
2008-00088,FLOOD,Jinotega,02/10/2008,0,0,0
2008-00087,LANDSLIDE,Nueva Segovia,03/10/2008,0,0,0
2008-00086,FLOOD,Nueva Segovia,02/10/2008,0,0,0
2008-00085,FLOOD,Jinotega,02/10/2008,0,15,0
2008-00084,FLOOD,Matagalpa,02/10/2008,0,0,0
2008-00083,SPATE,Matagalpa,02/10/2008,0,130,0
2008-00082,FLOOD,Jinotega,02/10/2008,0,0,0
2008-00081,FLOOD,Jinotega,02/10/2008,0,0,0
2006-00010,POLLUTION,Managua,18/09/2006,0,7,0
2006-00009,POLLUTION,Chinandega,18/09/2006,0,0,87.07
2008-00080,LANDSLIDE,Rivas,04/10/2008,0,0,0
2008-00079,RAIN,León,30/09/2008,5,0,0
2008-00078,LANDSLIDE,Nueva Segovia,30/09/2008,0,0,0
2008-00077,FLOOD,Managua,13/10/2008,0,0,0
2008-00076,FLOOD,Estelí,13/10/2008,0,0,0
2008-00075,FLOOD,RAAN,13/10/2008,0,0,0
2008-00074,FLOOD,Boaco,02/10/2008,0,239,0
2006-00008,POLLUTION,León,18/09/2006,0,742,0
2006-00007,POLLUTION,Madriz,25/06/2006,0,0,0
2006-00006,LANDSLIDE,Chinandega,16/06/2006,0,4000,0
2006-00005,FORESTFIRE,Nueva Segovia,06/05/2006,0,0,0
2006-00004,FORESTFIRE,Río San Juan,27/04/2006,0,0,0
2006-00003,FORESTFIRE,Nueva Segovia,27/03/2006,0,0,0
2006-00002,FIRE,Managua,21/03/2006,25,0,63885.03
2008-00073,FIRE,RAAN,10/09/2008,0,5,51140.43
2008-00072,FIRE,Managua,03/09/2008,0,90,0
2008-00071,FLOOD,Managua,22/09/2008,0,0,0
2008-00070,STRUCTURE,Carazo,21/09/2008,0,0,0
2008-00069,FLOOD,Matagalpa,21/09/2008,0,205,0
2008-00068,FLOOD,Managua,21/09/2008,5,0,0
2008-00067,FLOOD,Granada,21/09/2008,0,10000,0
2008-00066,FLOOD,León,07/09/2008,0,0,0
2008-00065,FLOOD,León,07/09/2008,0,0,5115.4
2008-00064,FLOOD,Carazo,05/09/2008,0,0,0
2008-00063,RAIN,Granada,05/09/2008,0,0,0
2008-00062,FLOOD,León,03/09/2008,0,0,0
2010-00009,DROUGHT,Madriz,06/01/2010,0,0,0
2008-00061,FLOOD,León,03/09/2008,0,0,0
2010-00008,DROUGHT,Nueva Segovia,06/01/2010,0,20000,0
2010-00007,DROUGHT,Madriz,06/01/2010,0,11450,0
2008-00060,RAIN,León,30/08/2008,0,0,0
2010-00006,STRONGWIND,RAAS,10/01/2010,0,0,0
2010-00005,STRONGWIND,RAAS,10/01/2010,0,0,0
2008-00059,FLOOD,León,30/08/2008,0,80,0
2010-00004,STRONGWIND,Chontales,10/01/2010,0,0,0
2010-00003,STRONGWIND,Chontales,10/01/2010,0,0,0
2008-00058,FLOOD,León,30/08/2008,5,9,0
2010-00002,STRONGWIND,Chontales,10/01/2010,0,0,0
2006-00001,OTHER,Masaya,27/01/2006,0,25000,0
2008-00057,FIRE,Managua,01/08/2008,0,0,154241645.2
2010-00001,DROUGHT,Boaco,09/01/2010,0,9000,0
2008-00055,FLOOD,Carazo,29/08/2008,0,2250,0
2008-00054,FLOOD,RAAN,03/07/2008,0,0,0
2008-00053,FLOOD,Managua,18/07/2008,0,0,0
2008-00052,FLOOD,RAAN,07/07/2008,0,0,0
2008-00051,FLOOD,RAAS,07/07/2008,25,0,0
2009-00056,FIRE,Managua,16/12/2009,5,0,0
2011-00068,RAIN,RAAN,22/12/2011,0,0,0
2011-00067,FLOOD,RAAN,22/12/2011,0,50,0
2011-00066,FLOOD,RAAN,22/12/2011,0,0,0
2011-00065,FLOOD,RAAN,22/12/2011,0,0,0
2009-00055,FIRE,Chinandega,15/12/2009,5,5,0
2009-00054,EXPLOSION,Boaco,10/12/2009,0,0,0
2011-00064,RAIN,Managua,01/12/2011,0,0,0
2011-00063,RAIN,Boaco,08/11/2011,0,0,0
2011-00062,FLOOD,Granada,08/11/2011,0,0,0
2008-00050,FLOOD,RAAS,07/07/2008,0,0,0
2008-00049,FLOOD,RAAS,07/07/2008,0,0,0
2011-00061,FLOOD,Managua,03/11/2011,0,0,0
2011-00060,FLOOD,Managua,11/07/2011,5,885,0
2009-00053,FIRE,Managua,12/11/2009,0,5,4887.58
2009-00052,FIRE,Masaya,12/11/2009,5,0,3910.06
2008-00048,FLOOD,RAAS,07/07/2008,0,0,0
2009-00051,FLOOD,RAAS,06/11/2009,675,2875,0
2008-00047,FLOOD,RAAS,06/07/2008,0,0,0
2008-00046,RAIN,Madriz,03/07/2008,0,5,0
2008-00045,FLOOD,RAAS,03/07/2008,0,150,0
2008-00044,FLOOD,RAAS,03/07/2008,0,1000,0
2009-00050,FLOOD,RAAS,05/11/2009,55,1165,0
2009-00049,FLOOD,RAAS,05/11/2009,0,2650,0
2009-00048,DROUGHT,Boaco,28/10/2009,0,0,0
2009-00047,DROUGHT,Boaco,28/10/2009,0,0,0
2009-00046,DROUGHT,Chinandega,19/10/2009,0,0,0
2009-00045,DROUGHT,Madriz,18/10/2009,0,10711,0
2009-00044,DROUGHT,RAAN,04/10/2009,0,0,0
2008-00043,SPATE,RAAN,02/07/2008,0,0,0
2011-00059,FLOOD,Managua,01/11/2011,0,0,0
2008-00042,FLOOD,RAAS,02/07/2008,0,0,0
2008-00041,FLOOD,Matagalpa,02/07/2008,0,0,0
2008-00040,FLOOD,Matagalpa,02/07/2008,0,35,0
2011-00058,STRUCTURE,Madriz,28/10/2011,0,0,0
2011-00057,STRUCTURE,Madriz,27/10/2011,0,0,0
2008-00039,FLOOD,RAAS,02/07/2008,0,0,0
2011-00056,FLOOD,Madriz,27/10/2011,0,0,0
2008-00038,FLOOD,Matagalpa,03/07/2008,0,0,0
2008-00037,TORNADO,Chontales,04/06/2008,0,496,0
2008-00036,FLOOD,Managua,05/06/2008,0,0,0
2008-00035,RAIN,Managua,03/06/2008,0,0,0
2008-00034,FLOOD,Jinotega,31/05/2008,0,0,0
2011-00055,FLOOD,Chinandega,11/10/2011,10,0,0
2011-00054,FLOOD,León,11/10/2011,0,200,0
2011-00053,FLOOD,Nueva Segovia,04/10/2011,0,0,0
2011-00052,FLOOD,Nueva Segovia,04/10/2011,0,0,0
2011-00051,FLOOD,Estelí,04/10/2011,0,0,0
2008-00033,FORESTFIRE,Jinotega,22/05/2008,0,0,0
2011-00050,RAIN,Managua,30/09/2011,25,1250,0
2008-00032,FORESTFIRE,RAAN,13/05/2008,0,0,0
2011-00049,RAIN,RAAN,24/10/2011,0,0,0
2011-00048,FLOOD,Managua,20/10/2011,380,0,0
2009-00043,FLOOD,RAAN,09/10/2009,0,0,0
2009-00042,FIRE,Managua,2009/9/31,5,0,500000
2009-00041,TORNADO,León,05/09/2009,0,60,0
2009-00040,DROUGHT,Nueva Segovia,22/09/2009,0,15000,0
2009-00039,DROUGHT,Nueva Segovia,22/09/2009,0,0,0
2009-00038,DROUGHT,León,16/09/2009,0,0,0
2009-00037,FIRE,RAAN,16/08/2009,5,0,0
2009-00036,POLLUTION,León,14/08/2009,0,200,0
2009-00035,TORNADO,León,22/07/2009,0,700,0
2009-00034,FIRE,Chinandega,30/07/2009,0,3800,10000000
2009-00033,FIRE,Masaya,2009/6/31,35,0,500000
2009-00032,FLOOD,RAAN,15/07/2009,10,19876,0
2011-00046,HEATWAVE,RAAS,16/09/2011,0,0,0
2009-00030,FLOOD,RAAS,10/07/2009,0,1250,0
2009-00029,DROUGHT,Nueva Segovia,14/06/2009,0,4000,0
2009-00028,ELECTRICSTORM,Managua,30/06/2009,0,0,0
2009-00027,STRUCTURE,Jinotega,26/05/2009,0,3000,0
2009-00026,SPATE,Managua,25/05/2009,0,0,0
2011-00045,FLOOD,Managua,19/09/2011,0,0,0
2011-00044,FLOOD,Granada,19/09/2011,25,260,0
2011-00043,FLOOD,Chinandega,18/09/2011,0,0,0
2011-00042,STRONGWIND,Chinandega,18/09/2011,0,0,0
2011-00041,STRUCTURE,Masaya,18/09/2011,0,4,0
2009-00025,FLOOD,Managua,06/05/2009,5,2210,0
2008-00031,FLOOD,Estelí,30/05/2008,25,0,0
2011-00040,FLOOD,Managua,12/09/2011,0,60,0
2011-00039,FLOOD,Managua,03/09/2011,5,775,0
2009-00024,FLOOD,Managua,06/05/2009,0,100,0
2011-00038,FLOOD,Managua,05/09/2011,0,0,0
2008-00030,STRONGWIND,Estelí,30/05/2008,0,25,0
2011-00037,FLOOD,Masaya,31/08/2011,0,100,0
2008-00029,STRONGWIND,Estelí,30/05/2008,0,25,0
2011-00036,TORNADO,Managua,19/08/2011,0,105,0
2011-00035,DROUGHT,Boaco,16/08/2011,0,0,0
2008-00028,STRONGWIND,Estelí,30/05/2008,0,75,0
2011-00034,LANDSLIDE,Managua,12/08/2011,0,0,0
2011-00033,FLOOD,RAAN,04/08/2011,0,0,0
2008-00027,SPATE,Boaco,29/05/2008,0,0,0
2008-00026,FLOOD,León,30/05/2008,0,0,0
2009-00023,HAILSTORM,Jinotega,25/05/2009,0,0,0
2009-00022,FIRE,Granada,20/04/2009,5,0,0
2009-00021,FORESTFIRE,RAAN,17/04/2009,0,0,0
2009-00020,FORESTFIRE,Nueva Segovia,14/04/2009,0,0,0
2009-00019,FORESTFIRE,Masaya,14/04/2009,0,0,86.07
2008-00025,RAIN,León,31/05/2008,0,0,0
2008-00024,FLOOD,Managua,30/05/2008,0,0,0
2011-00031,RAIN,Managua,30/06/2011,0,0,0
2008-00022,HURRICANE,Managua,30/05/2008,0,0,0
2008-00021,HURRICANE,Estelí,30/05/2008,0,0,0
2011-00030,STRUCTURE,Managua,13/07/2011,0,0,0
2009-00018,FIRE,Jinotega,13/04/2009,5,0,0
2011-00029,FLOOD,Managua,06/07/2011,0,1305,0
2009-00017,FIRE,Estelí,13/04/2009,0,5,2400
2011-00028,RAIN,Granada,22/07/2011,0,0,0
2011-00027,FLOOD,Managua,15/07/2011,0,0,0
2008-00020,STRUCTURE,Managua,29/05/2008,0,0,0
2011-00026,FLOOD,RAAN,08/07/2011,0,0,0
2008-00019,FLOOD,León,29/05/2008,0,0,0
2011-00025,POLLUTION,Rivas,25/06/2011,0,0,0
2011-00032,FLOOD,Managua,15/06/2011,0,176,0
2011-00024,FORESTFIRE,Nueva Segovia,01/04/2011,0,0,0
2011-00023,FORESTFIRE,Boaco,05/05/2011,0,0,0
2009-00016,FIRE,RAAN,01/04/2009,50,0,300000
2011-00022,FORESTFIRE,Nueva Segovia,01/05/2011,0,0,0
2011-00021,FORESTFIRE,Jinotega,26/04/2011,0,25000,0
2011-00020,TORNADO,Nueva Segovia,21/05/2011,0,78,0
2009-00015,OTHER,Managua,17/04/2009,0,750,0
2009-00014,OTHER,Estelí,22/04/2009,0,0,0
2009-00013,DROUGHT,Estelí,22/04/2009,0,3000,0
2009-00012,FIRE,Carazo,25/03/2009,5,0,0
2009-00011,FIRE,Managua,12/03/2009,5,0,0
2011-00019,RAIN,Madriz,14/05/2011,32,160,0
2009-00010,FORESTFIRE,León,05/03/2009,0,0,0
2011-00018,FLOOD,Managua,14/05/2011,0,75,0
2009-00009,STRUCTURE,Masaya,03/03/2009,0,0,0
2008-00018,RAIN,León,29/05/2008,0,0,0
2011-00017,DROUGHT,Carazo,05/05/2011,0,0,0
2011-00016,FLOOD,Managua,29/08/2010,700,0,0
2008-00017,OTHER,Chontales,19/05/2008,0,0,0
2009-00008,STRONGWIND,Granada,05/02/2009,0,5,0
2008-00016,OTHER,León,19/05/2008,0,0,0
2011-00015,FORESTFIRE,Nueva Segovia,01/04/2011,0,0,0
2008-00015,DROUGHT,RAAN,08/05/2008,0,50000,0
2009-00007,STRONGWIND,Río San Juan,05/02/2009,0,300,0
2009-00006,FIRE,Matagalpa,10/02/2009,5,0,0
2008-00014,FORESTFIRE,Estelí,22/04/2008,0,0,0
2009-00005,FORESTFIRE,Granada,07/02/2009,0,0,0
2009-00004,FORESTFIRE,León,07/02/2009,0,0,0
2009-00003,FORESTFIRE,Chinandega,07/02/2009,0,0,0
2009-00002,FIRE,Managua,01/02/2009,10,10,0
2008-00013,FORESTFIRE,Estelí,02/04/2008,0,0,0
2008-00012,FIRE,RAAN,20/04/2008,5,0,0
2011-00014,FIRE,Managua,27/04/2011,0,50,0
2011-00013,FIRE,Managua,31/03/2011,0,15,0
2008-00011,DROUGHT,Estelí,22/04/2008,0,3000,0
2011-00012,DROUGHT,Chontales,10/03/2011,0,0,0
2011-00011,HAILSTORM,Managua,27/04/2011,0,0,0
2008-00010,FORESTFIRE,Madriz,13/02/2008,0,0,0
2008-00009,FIRE,Managua,28/02/2008,0,100,788676.7
2011-00010,FIRE,Estelí,09/01/2011,0,5,90000
2011-00009,FIRE,Estelí,03/01/2011,0,5,2284
2008-00008,FIRE,RAAS,31/01/2008,20,0,0
2011-00007,FIRE,Granada,31/12/2010,0,5,20000
2011-00006,FORESTFIRE,Jinotega,20/05/2010,0,0,0
2008-00007,STRONGWIND,Matagalpa,04/01/2008,5,100,0
2011-00005,STRONGWIND,RAAS,04/01/2011,0,0,0
2008-00005,STRONGWIND,Carazo,03/01/2008,0,0,0
2011-00004,DROUGHT,Boaco,26/01/2011,0,3700,0
2008-00004,STRONGWIND,Estelí,03/01/2008,0,0,0
2011-00003,DROUGHT,Managua,17/01/2011,0,0,0
2008-00003,STRONGWIND,Matagalpa,03/01/2008,10,15,20000
2008-00002,STRONGWIND,RAAN,03/01/2008,0,0,0
2008-00001,OTHER,Managua,28/01/2008,0,0,0
2011-00001,EARTHQUAKE,Rivas,21/01/2011,0,0,0
